event_id,cart_id,timestamp,cooler_id,shelf_ordinal,cell_ordinal,product_id,direction,actor_type,weight_delta_gr,quantity,recognition_probability,misplace
EVT-000002,STOCKER-01,2026-06-01T07:00:00,CLR-1029,1,1,P1,PLACE,STOCKER,1916.53,8,0.99,False
EVT-000013,STOCKER-01,2026-06-01T07:00:00,CLR-1029,1,3,P3,PLACE,STOCKER,888.66,8,0.99,False
EVT-000014,STOCKER-01,2026-06-01T07:00:00,CLR-1029,1,4,P4,PLACE,STOCKER,4690.55,32,0.99,False
EVT-000018,STOCKER-01,2026-06-01T07:00:00,CLR-1029,2,1,P5,PLACE,STOCKER,736.23,8,0.99,False
EVT-000035,STOCKER-01,2026-06-01T07:00:00,CLR-1029,2,2,P6,PLACE,STOCKER,1193.84,8,0.99,False
EVT-000038,STOCKER-01,2026-06-01T07:00:00,CLR-1029,2,3,P7,PLACE,STOCKER,1869.72,8,0.99,False
EVT-000043,STOCKER-01,2026-06-01T07:00:00,CLR-1029,2,4,P8,PLACE,STOCKER,2099.26,8,0.99,False
EVT-000010,STOCKER-01,2026-06-01T07:10:00,CLR-1029,1,2,P2,PLACE,STOCKER,4266.82,22,0.99,False
EVT-000016,CART-F61B1C65,2026-06-01T08:09:28,CLR-1029,2,1,P5,TAKE,CONSUMER,-94.65,1,0.909,False
EVT-000021,CART-FBD8D509,2026-06-01T08:34:29,CLR-1029,2,2,P6,TAKE,CONSUMER,-150.07,1,0.802,False
EVT-000031,CART-750D46F6,2026-06-01T09:09:11,CLR-1029,2,2,P6,TAKE,CONSUMER,-153.8,1,0.752,False
EVT-000032,CART-750D46F6,2026-06-01T09:09:49,CLR-1029,2,2,P6,RETURN,CONSUMER,148.31,1,0.9,False
EVT-000015,CART-630904E5,2026-06-01T09:22:59,CLR-1029,2,1,P5,TAKE,CONSUMER,-92.22,1,0.951,False
EVT-000041,CART-057B6198,2026-06-01T10:16:38,CLR-1029,2,4,P8,TAKE,CONSUMER,-250.81,1,0.92,False
EVT-000042,CART-7AFF01FA,2026-06-01T10:48:53,CLR-1029,2,4,P8,TAKE,CONSUMER,-254.57,1,0.905,False
EVT-000007,CART-62A41837,2026-06-01T11:25:27,CLR-1029,1,2,P2,TAKE,CONSUMER,-204.43,1,0.877,False
EVT-000012,CART-788E27B9,2026-06-01T11:57:39,CLR-1029,1,3,P3,TAKE,CONSUMER,-116.42,1,0.94,False
EVT-000033,CART-C984FED3,2026-06-01T12:27:15,CLR-1029,2,2,P6,TAKE,CONSUMER,-151.42,1,0.793,False
EVT-000034,CART-C984FED3,2026-06-01T12:27:26,CLR-1029,2,2,P6,RETURN,CONSUMER,157.05,1,0.9,False
EVT-000028,CART-1E492937,2026-06-01T12:59:03,CLR-1029,2,2,P6,TAKE,CONSUMER,-152.55,1,0.919,False
EVT-000029,CART-1E492937,2026-06-01T12:59:08,CLR-1029,2,2,P6,RETURN,CONSUMER,157.46,1,0.9,False
EVT-000030,CART-365D718E,2026-06-01T13:44:31,CLR-1029,2,2,P6,TAKE,CONSUMER,-148.59,1,0.799,False
EVT-000003,CART-2459DDB8,2026-06-01T14:18:54,CLR-1029,1,2,P2,TAKE,CONSUMER,-201.53,1,0.854,False
EVT-000004,CART-AD7567D6,2026-06-01T14:21:56,CLR-1029,1,2,P2,TAKE,CONSUMER,-193.73,1,0.87,False
EVT-000009,CART-3B8E796A,2026-06-01T14:36:20,CLR-1029,1,2,P2,TAKE,CONSUMER,-204.02,1,0.971,False
EVT-000036,CART-7655457F,2026-06-01T14:51:25,CLR-1029,2,3,UNKNOWN,TAKE,CONSUMER,-229.22,1,0.287,True
EVT-000011,CART-28D90E22,2026-06-01T15:00:54,CLR-1029,1,3,P3,TAKE,CONSUMER,-112.4,1,0.833,False
EVT-000037,CART-22F06A90,2026-06-01T15:25:14,CLR-1029,2,3,P7,TAKE,CONSUMER,-234.29,1,0.856,False
EVT-000006,CART-26253E30,2026-06-01T16:34:01,CLR-1029,1,2,P2,TAKE,CONSUMER,-199.47,1,0.912,False
EVT-000039,CART-38A5C31F,2026-06-01T16:46:19,CLR-1029,2,4,P8,TAKE,CONSUMER,-256.73,1,0.892,False
EVT-000040,CART-38A5C31F,2026-06-01T16:46:48,CLR-1029,2,4,P8,RETURN,CONSUMER,253.44,1,0.95,False
EVT-000017,CART-E61F056A,2026-06-01T18:33:43,CLR-1029,2,1,P5,TAKE,CONSUMER,-91.67,1,0.842,False
EVT-000024,CART-D4AC6000,2026-06-01T19:32:42,CLR-1029,2,2,P6,TAKE,CONSUMER,-152.87,1,0.809,False
EVT-000025,CART-D4AC6000,2026-06-01T19:33:02,CLR-1029,2,2,P6,RETURN,CONSUMER,150.82,1,0.9,False
EVT-000005,CART-9FFB63A5,2026-06-01T19:49:02,CLR-1029,1,2,P2,TAKE,CONSUMER,-202.0,1,0.938,False
EVT-000019,CART-18AFF5B1,2026-06-01T19:57:39,CLR-1029,2,2,P6,TAKE,CONSUMER,-151.1,1,0.924,False
EVT-000020,CART-18AFF5B1,2026-06-01T19:58:04,CLR-1029,2,2,P6,RETURN,CONSUMER,155.09,1,0.9,False
EVT-000001,CART-F0AA0962,2026-06-01T20:18:38,CLR-1029,1,1,P1,TAKE,CONSUMER,-232.82,1,0.911,False
EVT-000022,CART-03542B3C,2026-06-01T20:26:39,CLR-1029,2,2,P6,TAKE,CONSUMER,-149.04,1,0.842,False
EVT-000023,CART-03542B3C,2026-06-01T20:27:07,CLR-1029,2,2,P6,RETURN,CONSUMER,150.28,1,0.9,False
EVT-000026,CART-9A9FA66B,2026-06-01T20:36:46,CLR-1029,2,2,P6,TAKE,CONSUMER,-155.58,1,0.832,False
EVT-000027,CART-9A9FA66B,2026-06-01T20:36:58,CLR-1029,2,2,P6,RETURN,CONSUMER,153.68,1,0.9,False
EVT-000008,CART-D2C8709A,2026-06-01T20:48:19,CLR-1029,1,2,P2,TAKE,CONSUMER,-204.86,1,0.89,False
EVT-000048,CART-3F09B14F,2026-06-02T08:09:22,CLR-1029,1,2,P2,TAKE,CONSUMER,-195.63,1,0.963,False
EVT-000056,CART-D2A3F290,2026-06-02T08:16:32,CLR-1029,1,2,P2,TAKE,CONSUMER,-199.67,1,0.951,False
EVT-000062,CART-2F782E06,2026-06-02T08:41:48,CLR-1029,2,2,P6,TAKE,CONSUMER,-156.58,1,0.878,False
EVT-000077,CART-D6802F89,2026-06-02T08:51:43,CLR-1029,2,4,P8,TAKE,CONSUMER,-262.9,1,0.883,False
EVT-000070,CART-30602760,2026-06-02T09:05:54,CLR-1029,2,2,P6,TAKE,CONSUMER,-155.53,1,0.874,False
EVT-000071,CART-30602760,2026-06-02T09:06:18,CLR-1029,2,2,P6,RETURN,CONSUMER,152.25,1,0.9,False
EVT-000055,CART-FAA4D828,2026-06-02T09:36:01,CLR-1029,1,2,P2,TAKE,CONSUMER,-202.73,1,0.91,False
EVT-000066,CART-8F74BF91,2026-06-02T09:43:58,CLR-1029,2,2,P6,TAKE,CONSUMER,-152.58,1,0.84,False
EVT-000067,CART-8F74BF91,2026-06-02T09:44:35,CLR-1029,2,2,P6,RETURN,CONSUMER,152.13,1,0.9,False
EVT-000075,CART-5AA8CD7A,2026-06-02T10:22:06,CLR-1029,2,4,P8,TAKE,CONSUMER,-261.8,1,0.934,False
EVT-000044,CART-AD4ADE2D,2026-06-02T10:25:28,CLR-1029,1,1,P1,TAKE,CONSUMER,-228.2,1,0.949,False
EVT-000045,CART-AD4ADE2D,2026-06-02T10:26:14,CLR-1029,1,1,P1,RETURN,CONSUMER,227.7,1,0.95,False
EVT-000051,CART-47270302,2026-06-02T10:54:49,CLR-1029,1,2,P2,TAKE,CONSUMER,-198.44,1,0.909,False
EVT-000065,CART-86A813E0,2026-06-02T12:23:10,CLR-1029,2,2,P6,TAKE,CONSUMER,-153.75,1,0.779,False
EVT-000074,CART-D5A2BF04,2026-06-02T13:34:16,CLR-1029,2,3,P7,TAKE,CONSUMER,-230.92,1,0.948,False
EVT-000063,CART-7F256CB5,2026-06-02T14:47:16,CLR-1029,2,2,P6,TAKE,CONSUMER,-150.78,1,0.913,False
EVT-000064,CART-7F256CB5,2026-06-02T14:47:35,CLR-1029,2,2,P6,RETURN,CONSUMER,151.35,1,0.9,False
EVT-000072,CART-7EBB73AF,2026-06-02T15:09:12,CLR-1029,2,2,P6,TAKE,CONSUMER,-148.78,1,0.773,False
EVT-000073,CART-7EBB73AF,2026-06-02T15:09:42,CLR-1029,2,2,P6,RETURN,CONSUMER,157.23,1,0.9,False
EVT-000053,CART-DEFA8C60,2026-06-02T15:22:37,CLR-1029,1,2,P2,TAKE,CONSUMER,-200.86,1,0.866,False
EVT-000058,CART-5E500D3F,2026-06-02T15:39:00,CLR-1029,1,3,P3,TAKE,CONSUMER,-116.07,1,0.929,False
EVT-000076,CART-0D755947,2026-06-02T15:45:06,CLR-1029,2,4,P8,TAKE,CONSUMER,-256.41,1,0.968,False
EVT-000049,CART-EABF1076,2026-06-02T15:59:34,CLR-1029,1,2,P2,TAKE,CONSUMER,-200.88,1,0.88,False
EVT-000054,CART-9BB934B0,2026-06-02T16:44:49,CLR-1029,1,2,P2,TAKE,CONSUMER,-196.06,1,0.897,False
EVT-000059,CART-A928BF2E,2026-06-02T17:32:26,CLR-1029,1,3,P3,TAKE,CONSUMER,-115.13,1,0.884,False
EVT-000060,CART-A928BF2E,2026-06-02T17:32:57,CLR-1029,1,3,P3,RETURN,CONSUMER,110.12,1,0.95,False
EVT-000068,CART-A9339829,2026-06-02T17:36:56,CLR-1029,2,2,P6,TAKE,CONSUMER,-154.72,1,0.867,False
EVT-000069,CART-A9339829,2026-06-02T17:37:34,CLR-1029,2,2,P6,RETURN,CONSUMER,153.03,1,0.9,False
EVT-000046,CART-D21AC92B,2026-06-02T17:40:41,CLR-1029,1,2,P2,TAKE,CONSUMER,-202.62,1,0.93,False
EVT-000047,CART-A2064241,2026-06-02T17:59:00,CLR-1029,1,2,P2,TAKE,CONSUMER,-195.0,1,0.96,False
EVT-000079,CART-B835FC53,2026-06-02T18:29:33,CLR-1029,2,4,P8,TAKE,CONSUMER,-250.32,1,0.953,False
EVT-000057,CART-1537972F,2026-06-02T18:46:49,CLR-1029,1,2,P2,TAKE,CONSUMER,-196.56,1,0.852,False
EVT-000061,CART-3D382238,2026-06-02T19:48:40,CLR-1029,2,1,P5,TAKE,CONSUMER,-91.42,1,0.854,False
EVT-000078,CART-C9DA1F0C,2026-06-02T20:04:31,CLR-1029,2,4,P8,TAKE,CONSUMER,-251.7,1,0.822,False
EVT-000052,CART-4920C4A6,2026-06-02T20:12:50,CLR-1029,1,2,P2,TAKE,CONSUMER,-201.04,1,0.977,False
EVT-000050,CART-869CF012,2026-06-02T20:50:09,CLR-1029,1,2,P2,TAKE,CONSUMER,-198.87,1,0.949,False
EVT-000098,STOCKER-01,2026-06-03T07:10:00,CLR-1029,1,2,P2,PLACE,STOCKER,4312.7,22,0.99,False
EVT-000087,CART-D818CAAE,2026-06-03T08:19:48,CLR-1029,1,2,P2,TAKE,CONSUMER,-200.41,1,0.897,False
EVT-000104,CART-7DB6563A,2026-06-03T09:22:00,CLR-1029,2,1,P5,TAKE,CONSUMER,-94.7,1,0.888,False
EVT-000118,CART-822AE31E,2026-06-03T09:48:56,CLR-1029,2,2,P6,TAKE,CONSUMER,-149.77,1,0.803,False
EVT-000119,CART-822AE31E,2026-06-03T09:49:25,CLR-1029,2,2,P6,RETURN,CONSUMER,149.44,1,0.9,False
EVT-000108,CART-BD63428A,2026-06-03T09:53:42,CLR-1029,2,1,P5,TAKE,CONSUMER,-94.17,1,0.88,False
EVT-000092,CART-F6224624,2026-06-03T10:21:23,CLR-1029,1,2,P2,TAKE,CONSUMER,-200.98,1,0.976,False
EVT-000093,CART-A807ED27,2026-06-03T10:29:40,CLR-1029,1,2,P2,TAKE,CONSUMER,-203.31,1,0.878,False
EVT-000088,CART-9D4F6F44,2026-06-03T10:40:26,CLR-1029,1,2,P2,TAKE,CONSUMER,-196.56,1,0.93,False
EVT-000100,CART-A6FAA101,2026-06-03T10:44:17,CLR-1029,1,3,P3,TAKE,CONSUMER,-114.89,1,0.824,False
EVT-000125,CART-A0692980,2026-06-03T11:32:43,CLR-1029,2,3,UNKNOWN,TAKE,CONSUMER,-222.52,1,0.506,True
EVT-000111,CART-10EBA767,2026-06-03T11:46:42,CLR-1029,2,2,P6,TAKE,CONSUMER,-152.64,1,0.765,False
EVT-000112,CART-10EBA767,2026-06-03T11:46:59,CLR-1029,2,2,P6,RETURN,CONSUMER,148.84,1,0.9,False
EVT-000122,CART-3737EE89,2026-06-03T11:53:50,CLR-1029,2,3,UNKNOWN,TAKE,CONSUMER,-235.41,1,0.35,True
EVT-000091,CART-AB4538C3,2026-06-03T12:12:42,CLR-1029,1,2,P2,TAKE,CONSUMER,-204.52,1,0.859,False
EVT-000096,CART-32436B1A,2026-06-03T12:24:18,CLR-1029,1,2,P2,TAKE,CONSUMER,-201.18,1,0.866,False
EVT-000107,CART-F1A4331D,2026-06-03T12:58:29,CLR-1029,2,1,P5,TAKE,CONSUMER,-94.0,1,0.978,False
EVT-000083,CART-363C34EE,2026-06-03T13:28:39,CLR-1029,1,1,P1,TAKE,CONSUMER,-228.11,1,0.895,False
EVT-000116,CART-508089B0,2026-06-03T13:35:20,CLR-1029,2,2,P6,TAKE,CONSUMER,-150.49,1,0.843,False
EVT-000117,CART-508089B0,2026-06-03T13:35:48,CLR-1029,2,2,P6,RETURN,CONSUMER,155.99,1,0.9,False
EVT-000086,CART-E47A662C,2026-06-03T13:42:00,CLR-1029,1,2,P2,TAKE,CONSUMER,-201.85,1,0.942,False
EVT-000089,CART-D2199668,2026-06-03T14:06:19,CLR-1029,1,2,P2,TAKE,CONSUMER,-202.37,1,0.942,False
EVT-000085,CART-2B777884,2026-06-03T15:19:43,CLR-1029,1,2,P2,TAKE,CONSUMER,-194.69,1,0.896,False
EVT-000102,CART-C2A83093,2026-06-03T15:23:58,CLR-1029,1,3,P3,TAKE,CONSUMER,-112.45,1,0.909,False
EVT-000081,CART-D5F28852,2026-06-03T16:03:27,CLR-1029,1,1,P1,TAKE,CONSUMER,-235.7,1,0.863,False
EVT-000080,CART-956D83B5,2026-06-03T16:12:10,CLR-1029,1,1,P1,TAKE,CONSUMER,-236.53,1,0.943,False
EVT-000113,CART-89FC720C,2026-06-03T16:39:28,CLR-1029,2,2,P6,TAKE,CONSUMER,-149.22,1,0.91,False
EVT-000090,CART-12A66C0B,2026-06-03T17:06:50,CLR-1029,1,2,P2,TAKE,CONSUMER,-194.99,1,0.899,False
EVT-000126,CART-7C701C36,2026-06-03T17:09:01,CLR-1029,2,4,P8,TAKE,CONSUMER,-259.83,1,0.824,False
EVT-000114,CART-33943380,2026-06-03T17:44:01,CLR-1029,2,2,P6,TAKE,CONSUMER,-155.63,1,0.878,False
EVT-000115,CART-33943380,2026-06-03T17:44:32,CLR-1029,2,2,P6,RETURN,CONSUMER,151.4,1,0.9,False
EVT-000124,CART-9EC06FF2,2026-06-03T17:45:26,CLR-1029,2,3,UNKNOWN,TAKE,CONSUMER,-225.76,1,0.374,True
EVT-000084,CART-06F41CAD,2026-06-03T17:58:26,CLR-1029,1,2,P2,TAKE,CONSUMER,-201.33,1,0.941,False
EVT-000094,CART-1AC35447,2026-06-03T18:08:20,CLR-1029,1,2,P2,TAKE,CONSUMER,-205.29,1,0.854,False
EVT-000109,CART-7A634EB0,2026-06-03T18:29:47,CLR-1029,2,2,P6,TAKE,CONSUMER,-154.82,1,0.932,False
EVT-000110,CART-7A634EB0,2026-06-03T18:30:12,CLR-1029,2,2,P6,RETURN,CONSUMER,157.0,1,0.9,False
EVT-000101,CART-DA3BBDC0,2026-06-03T18:32:19,CLR-1029,1,3,P3,TAKE,CONSUMER,-112.42,1,0.845,False
EVT-000121,CART-EF6B1AC1,2026-06-03T18:38:28,CLR-1029,2,3,P7,TAKE,CONSUMER,-235.14,1,0.936,False
EVT-000123,CART-7F4B12C4,2026-06-03T18:58:53,CLR-1029,2,3,P7,TAKE,CONSUMER,-230.08,1,0.948,False
EVT-000082,CART-51DFFB0B,2026-06-03T18:59:20,CLR-1029,1,1,P1,TAKE,CONSUMER,-237.79,1,0.978,False
EVT-000103,CART-728C3A1C,2026-06-03T19:58:45,CLR-1029,1,3,P3,TAKE,CONSUMER,-112.25,1,0.963,False
EVT-000095,CART-B3A4FE25,2026-06-03T20:04:59,CLR-1029,1,2,P2,TAKE,CONSUMER,-195.84,1,0.896,False
EVT-000120,CART-3B97B7CC,2026-06-03T20:19:39,CLR-1029,2,3,P7,TAKE,CONSUMER,-232.41,1,0.89,False
EVT-000097,CART-51590801,2026-06-03T20:41:10,CLR-1029,1,2,P2,TAKE,CONSUMER,-198.65,1,0.943,False
EVT-000099,CART-3F440F2A,2026-06-03T20:50:32,CLR-1029,1,3,P3,TAKE,CONSUMER,-114.69,1,0.86,False
EVT-000105,CART-C7A928D8,2026-06-03T20:55:33,CLR-1029,2,1,P5,TAKE,CONSUMER,-92.96,1,0.948,False
EVT-000106,CART-C7A928D8,2026-06-03T20:56:28,CLR-1029,2,1,P5,RETURN,CONSUMER,95.85,1,0.95,False
EVT-000157,CART-F251D645,2026-06-04T08:22:20,CLR-1029,2,4,P8,TAKE,CONSUMER,-256.77,1,0.963,False
EVT-000131,CART-4F019379,2026-06-04T08:32:19,CLR-1029,1,2,P2,TAKE,CONSUMER,-196.56,1,0.851,False
EVT-000139,CART-7F3C45D9,2026-06-04T08:43:44,CLR-1029,1,2,P2,TAKE,CONSUMER,-201.9,1,0.97,False
EVT-000134,CART-F942CAD3,2026-06-04T09:14:58,CLR-1029,1,2,P2,TAKE,CONSUMER,-202.18,1,0.884,False
EVT-000155,CART-C09C3186,2026-06-04T09:50:22,CLR-1029,2,3,UNKNOWN,TAKE,CONSUMER,-233.27,1,0.416,True
EVT-000144,CART-E86EA7B0,2026-06-04T10:13:34,CLR-1029,2,2,P6,TAKE,CONSUMER,-154.9,1,0.944,False
EVT-000143,CART-C889C923,2026-06-04T10:13:39,CLR-1029,2,1,P5,TAKE,CONSUMER,-92.13,1,0.84,False
EVT-000145,CART-E86EA7B0,2026-06-04T10:14:06,CLR-1029,2,2,P6,RETURN,CONSUMER,155.73,1,0.9,False
EVT-000154,CART-977C39C7,2026-06-04T10:21:29,CLR-1029,2,3,UNKNOWN,TAKE,CONSUMER,-233.1,1,0.339,True
EVT-000146,CART-ED4F1AED,2026-06-04T10:41:47,CLR-1029,2,2,P6,TAKE,CONSUMER,-149.93,1,0.884,False
EVT-000147,CART-ED4F1AED,2026-06-04T10:42:10,CLR-1029,2,2,P6,RETURN,CONSUMER,157.01,1,0.9,False
EVT-000156,CART-76E0AA0B,2026-06-04T10:45:13,CLR-1029,2,3,P7,TAKE,CONSUMER,-233.18,1,0.831,False
EVT-000142,CART-2E7AAF20,2026-06-04T11:46:01,CLR-1029,2,1,P5,TAKE,CONSUMER,-96.27,1,0.92,False
EVT-000129,CART-7E420F51,2026-06-04T13:21:55,CLR-1029,1,2,P2,TAKE,CONSUMER,-201.19,1,0.864,False
EVT-000140,CART-CEDFA062,2026-06-04T14:33:57,CLR-1029,1,3,P3,TAKE,CONSUMER,-110.64,1,0.915,False
EVT-000158,CART-6A654FFC,2026-06-04T14:47:55,CLR-1029,2,4,P8,TAKE,CONSUMER,-254.69,1,0.941,False
EVT-000127,CART-68B0A382,2026-06-04T15:10:48,CLR-1029,1,1,P1,TAKE,CONSUMER,-233.59,1,0.902,False
EVT-000138,CART-70B1AA07,2026-06-04T15:53:42,CLR-1029,1,2,P2,TAKE,CONSUMER,-204.27,1,0.944,False
EVT-000148,CART-930A9AE0,2026-06-04T16:07:50,CLR-1029,2,2,P6,TAKE,CONSUMER,-151.8,1,0.91,False
EVT-000149,CART-930A9AE0,2026-06-04T16:08:31,CLR-1029,2,2,P6,RETURN,CONSUMER,151.95,1,0.9,False
EVT-000128,CART-EB437D2A,2026-06-04T16:15:57,CLR-1029,1,2,P2,TAKE,CONSUMER,-194.23,1,0.899,False
EVT-000135,CART-57D59675,2026-06-04T16:24:17,CLR-1029,1,2,P2,TAKE,CONSUMER,-202.94,1,0.86,False
EVT-000133,CART-5026FB68,2026-06-04T16:30:15,CLR-1029,1,2,P2,TAKE,CONSUMER,-202.61,1,0.923,False
EVT-000152,CART-FD6B8E5A,2026-06-04T18:22:32,CLR-1029,2,2,P6,TAKE,CONSUMER,-150.07,1,0.926,False
EVT-000153,CART-FD6B8E5A,2026-06-04T18:22:48,CLR-1029,2,2,P6,RETURN,CONSUMER,156.75,1,0.9,False
EVT-000137,CART-FBCD7DAC,2026-06-04T18:53:28,CLR-1029,1,2,P2,TAKE,CONSUMER,-195.45,1,0.875,False
EVT-000132,CART-8EC77CEF,2026-06-04T18:58:03,CLR-1029,1,2,P2,TAKE,CONSUMER,-194.62,1,0.901,False
EVT-000130,CART-56FB74BE,2026-06-04T19:07:29,CLR-1029,1,2,P2,TAKE,CONSUMER,-195.54,1,0.969,False
EVT-000141,CART-F694B513,2026-06-04T19:08:58,CLR-1029,1,3,P3,TAKE,CONSUMER,-113.72,1,0.969,False
EVT-000150,CART-AE945E62,2026-06-04T19:43:59,CLR-1029,2,2,P6,TAKE,CONSUMER,-155.38,1,0.876,False
EVT-000151,CART-AE945E62,2026-06-04T19:44:33,CLR-1029,2,2,P6,RETURN,CONSUMER,155.27,1,0.9,False
EVT-000136,CART-4C09A1A4,2026-06-04T20:22:22,CLR-1029,1,2,P2,TAKE,CONSUMER,-204.2,1,0.874,False
EVT-000175,STOCKER-01,2026-06-05T07:10:00,CLR-1029,1,2,P2,PLACE,STOCKER,4411.2,22,0.99,False
EVT-000195,CART-2BD184ED,2026-06-05T08:25:57,CLR-1029,2,4,P8,TAKE,CONSUMER,-250.87,1,0.851,False
EVT-000193,CART-7D1D9F37,2026-06-05T08:45:07,CLR-1029,2,3,UNKNOWN,TAKE,CONSUMER,-230.78,1,0.39,True
EVT-000159,CART-CC6114EA,2026-06-05T09:17:29,CLR-1029,1,1,P1,TAKE,CONSUMER,-226.72,1,0.856,False
EVT-000174,CART-E3FCB6F5,2026-06-05T09:23:32,CLR-1029,1,2,P2,TAKE,CONSUMER,-201.0,1,0.872,False
EVT-000173,CART-CA6D5A63,2026-06-05T10:07:12,CLR-1029,1,2,P2,TAKE,CONSUMER,-199.25,1,0.952,False
EVT-000189,CART-647CD763,2026-06-05T10:19:47,CLR-1029,2,2,P6,TAKE,CONSUMER,-153.47,1,0.912,False
EVT-000190,CART-647CD763,2026-06-05T10:20:15,CLR-1029,2,2,P6,RETURN,CONSUMER,157.07,1,0.9,False
EVT-000165,CART-D5F2D161,2026-06-05T10:26:55,CLR-1029,1,2,P2,TAKE,CONSUMER,-202.85,1,0.902,False
EVT-000172,CART-AC69D2D1,2026-06-05T10:50:57,CLR-1029,1,2,P2,TAKE,CONSUMER,-201.37,1,0.961,False
EVT-000160,CART-7D265BB2,2026-06-05T11:26:19,CLR-1029,1,1,P1,TAKE,CONSUMER,-232.35,1,0.903,False
EVT-000171,CART-792C8A7A,2026-06-05T11:48:59,CLR-1029,1,2,P2,TAKE,CONSUMER,-197.57,1,0.919,False
EVT-000162,CART-0F7FA576,2026-06-05T11:58:25,CLR-1029,1,2,P2,TAKE,CONSUMER,-202.41,1,0.915,False
EVT-000167,CART-06BE49B1,2026-06-05T13:14:44,CLR-1029,1,2,P2,TAKE,CONSUMER,-201.28,1,0.931,False
EVT-000177,CART-80D4FF33,2026-06-05T13:28:23,CLR-1029,1,3,P3,TAKE,CONSUMER,-114.96,1,0.856,False
EVT-000178,CART-419C3B0C,2026-06-05T14:09:09,CLR-1029,2,1,P5,TAKE,CONSUMER,-96.53,1,0.859,False
EVT-000168,CART-A7EE1D78,2026-06-05T16:25:41,CLR-1029,1,2,P2,TAKE,CONSUMER,-199.53,1,0.964,False
EVT-000194,CART-CFC2CC87,2026-06-05T16:41:48,CLR-1029,2,3,UNKNOWN,TAKE,CONSUMER,-222.49,1,0.401,True
EVT-000187,CART-9F69F238,2026-06-05T16:45:15,CLR-1029,2,2,P6,TAKE,CONSUMER,-156.94,1,0.847,False
EVT-000188,CART-9F69F238,2026-06-05T16:45:21,CLR-1029,2,2,P6,RETURN,CONSUMER,149.38,1,0.9,False
EVT-000176,CART-3801921A,2026-06-05T17:06:15,CLR-1029,1,3,P3,TAKE,CONSUMER,-116.4,1,0.99,False
EVT-000170,CART-3456DCC0,2026-06-05T18:18:52,CLR-1029,1,2,P2,TAKE,CONSUMER,-205.35,1,0.906,False
EVT-000161,CART-835C170C,2026-06-05T18:59:46,CLR-1029,1,1,P1,TAKE,CONSUMER,-230.17,1,0.885,False
EVT-000191,CART-666209D7,2026-06-05T19:15:53,CLR-1029,2,2,P6,TAKE,CONSUMER,-154.92,1,0.856,False
EVT-000192,CART-666209D7,2026-06-05T19:16:19,CLR-1029,2,2,P6,RETURN,CONSUMER,156.71,1,0.9,False
EVT-000185,CART-A65ECED2,2026-06-05T19:24:34,CLR-1029,2,2,P6,TAKE,CONSUMER,-149.95,1,0.865,False
EVT-000186,CART-A65ECED2,2026-06-05T19:24:49,CLR-1029,2,2,P6,RETURN,CONSUMER,150.12,1,0.9,False
EVT-000183,CART-96150A4E,2026-06-05T19:36:18,CLR-1029,2,2,P6,TAKE,CONSUMER,-152.49,1,0.834,False
EVT-000184,CART-96150A4E,2026-06-05T19:36:40,CLR-1029,2,2,P6,RETURN,CONSUMER,151.19,1,0.9,False
EVT-000164,CART-DE528411,2026-06-05T19:45:30,CLR-1029,1,2,P2,TAKE,CONSUMER,-199.94,1,0.941,False
EVT-000163,CART-9AB68A78,2026-06-05T19:48:26,CLR-1029,1,2,P2,TAKE,CONSUMER,-201.57,1,0.975,False
EVT-000181,CART-8B149A2B,2026-06-05T19:56:39,CLR-1029,2,2,P6,TAKE,CONSUMER,-151.56,1,0.789,False
EVT-000182,CART-8B149A2B,2026-06-05T19:57:03,CLR-1029,2,2,P6,RETURN,CONSUMER,152.39,1,0.9,False
EVT-000179,CART-E0CE93D3,2026-06-05T20:08:02,CLR-1029,2,2,P6,TAKE,CONSUMER,-155.96,1,0.935,False
EVT-000180,CART-E0CE93D3,2026-06-05T20:08:27,CLR-1029,2,2,P6,RETURN,CONSUMER,156.28,1,0.9,False
EVT-000169,CART-6C791479,2026-06-05T20:37:38,CLR-1029,1,2,P2,TAKE,CONSUMER,-199.92,1,0.949,False
EVT-000166,CART-D74FAAA5,2026-06-05T20:52:18,CLR-1029,1,2,P2,TAKE,CONSUMER,-202.5,1,0.858,False
EVT-000205,CART-D166DBCF,2026-06-06T08:25:39,CLR-1029,2,1,P5,TAKE,CONSUMER,-91.45,1,0.893,False
EVT-000206,CART-D166DBCF,2026-06-06T08:26:23,CLR-1029,2,1,P5,RETURN,CONSUMER,95.36,1,0.95,False
EVT-000207,CART-BA33B417,2026-06-06T08:35:25,CLR-1029,2,2,P6,TAKE,CONSUMER,-149.75,1,0.779,False
EVT-000208,CART-BA33B417,2026-06-06T08:35:57,CLR-1029,2,2,P6,RETURN,CONSUMER,154.19,1,0.9,False
EVT-000219,CART-CCE5C796,2026-06-06T09:42:26,CLR-1029,2,2,P6,TAKE,CONSUMER,-148.59,1,0.84,False
EVT-000220,CART-CCE5C796,2026-06-06T09:43:04,CLR-1029,2,2,P6,RETURN,CONSUMER,152.61,1,0.9,False
EVT-000200,CART-EA64E335,2026-06-06T11:41:57,CLR-1029,1,2,P2,TAKE,CONSUMER,-202.6,1,0.981,False
EVT-000201,CART-4189968C,2026-06-06T13:29:46,CLR-1029,1,2,P2,TAKE,CONSUMER,-194.4,1,0.99,False
EVT-000197,CART-A9FA736E,2026-06-06T14:12:45,CLR-1029,1,2,P2,TAKE,CONSUMER,-196.53,1,0.857,False
EVT-000204,CART-75864F75,2026-06-06T14:38:01,CLR-1029,1,2,P2,TAKE,CONSUMER,-196.12,1,0.942,False
EVT-000221,CART-8B188F80,2026-06-06T15:36:18,CLR-1029,2,3,P7,TAKE,CONSUMER,-223.09,1,0.806,False
EVT-000198,CART-6F67398E,2026-06-06T15:41:13,CLR-1029,1,2,P2,TAKE,CONSUMER,-197.48,1,0.97,False
EVT-000213,CART-934B83D6,2026-06-06T15:55:42,CLR-1029,2,2,P6,TAKE,CONSUMER,-151.01,1,0.945,False
EVT-000214,CART-934B83D6,2026-06-06T15:55:50,CLR-1029,2,2,P6,RETURN,CONSUMER,148.55,1,0.9,False
EVT-000202,CART-0C2BDAC4,2026-06-06T15:57:03,CLR-1029,1,2,P2,TAKE,CONSUMER,-199.35,1,0.937,False
EVT-000215,CART-B7CC40F9,2026-06-06T16:11:07,CLR-1029,2,2,P6,TAKE,CONSUMER,-148.91,1,0.899,False
EVT-000216,CART-B7CC40F9,2026-06-06T16:11:43,CLR-1029,2,2,P6,RETURN,CONSUMER,152.96,1,0.9,False
EVT-000199,CART-A39CE27E,2026-06-06T18:41:03,CLR-1029,1,2,P2,TAKE,CONSUMER,-196.55,1,0.895,False
EVT-000209,CART-BC8C2BA7,2026-06-06T19:03:37,CLR-1029,2,2,P6,TAKE,CONSUMER,-153.13,1,0.835,False
EVT-000210,CART-BC8C2BA7,2026-06-06T19:03:57,CLR-1029,2,2,P6,RETURN,CONSUMER,156.0,1,0.9,False
EVT-000217,CART-056FC261,2026-06-06T20:04:28,CLR-1029,2,2,P6,TAKE,CONSUMER,-153.17,1,0.766,False
EVT-000218,CART-056FC261,2026-06-06T20:04:46,CLR-1029,2,2,P6,RETURN,CONSUMER,154.78,1,0.9,False
EVT-000203,CART-32E4DA4F,2026-06-06T20:25:25,CLR-1029,1,2,P2,TAKE,CONSUMER,-194.43,1,0.902,False
EVT-000211,CART-7CE0056B,2026-06-06T20:47:37,CLR-1029,2,2,P6,TAKE,CONSUMER,-156.08,1,0.88,False
EVT-000212,CART-7CE0056B,2026-06-06T20:47:49,CLR-1029,2,2,P6,RETURN,CONSUMER,156.05,1,0.9,False
EVT-000196,CART-65DC1DDD,2026-06-06T20:54:00,CLR-1029,1,2,P2,TAKE,CONSUMER,-201.0,1,0.989,False
EVT-000225,STOCKER-01,2026-06-07T07:00:00,CLR-1029,1,1,P1,PLACE,STOCKER,1914.25,8,0.99,False
EVT-000244,STOCKER-01,2026-06-07T07:00:00,CLR-1029,1,3,P3,PLACE,STOCKER,897.36,8,0.99,False
EVT-000247,STOCKER-01,2026-06-07T07:00:00,CLR-1029,2,1,P5,PLACE,STOCKER,769.96,8,0.99,False
EVT-000261,STOCKER-01,2026-06-07T07:00:00,CLR-1029,2,2,P6,PLACE,STOCKER,1223.65,8,0.99,False
EVT-000262,STOCKER-01,2026-06-07T07:00:00,CLR-1029,2,3,P7,PLACE,STOCKER,1849.01,8,0.99,False
EVT-000266,STOCKER-01,2026-06-07T07:00:00,CLR-1029,2,4,P8,PLACE,STOCKER,2013.02,8,0.99,False
EVT-000240,STOCKER-01,2026-06-07T07:10:00,CLR-1029,1,2,P2,PLACE,STOCKER,4293.04,22,0.99,False
EVT-000242,CART-6B30D002,2026-06-07T08:01:52,CLR-1029,1,3,P3,TAKE,CONSUMER,-111.46,1,0.84,False
EVT-000243,CART-8BD93E29,2026-06-07T08:49:25,CLR-1029,1,3,P3,TAKE,CONSUMER,-110.41,1,0.904,False
EVT-000227,CART-10E9994E,2026-06-07T09:09:50,CLR-1029,1,2,P2,TAKE,CONSUMER,-204.2,1,0.926,False
EVT-000246,CART-181469AF,2026-06-07T09:35:18,CLR-1029,2,1,P5,TAKE,CONSUMER,-92.81,1,0.981,False
EVT-000245,CART-3823854D,2026-06-07T09:47:57,CLR-1029,2,1,P5,TAKE,CONSUMER,-96.61,1,0.957,False
EVT-000233,CART-A5C3E7D4,2026-06-07T11:03:21,CLR-1029,1,2,P2,TAKE,CONSUMER,-203.31,1,0.964,False
EVT-000250,CART-E4C76CC0,2026-06-07T11:32:39,CLR-1029,2,2,P6,TAKE,CONSUMER,-153.81,1,0.87,False
EVT-000251,CART-E4C76CC0,2026-06-07T11:33:01,CLR-1029,2,2,P6,RETURN,CONSUMER,148.92,1,0.9,False
EVT-000263,CART-E242BBCE,2026-06-07T11:46:24,CLR-1029,2,4,P8,TAKE,CONSUMER,-250.96,1,0.868,False
EVT-000259,CART-BF2FFF6F,2026-06-07T12:18:12,CLR-1029,2,2,P6,TAKE,CONSUMER,-156.05,1,0.875,False
EVT-000260,CART-BF2FFF6F,2026-06-07T12:18:28,CLR-1029,2,2,P6,RETURN,CONSUMER,149.69,1,0.9,False
EVT-000237,CART-41EE11A1,2026-06-07T12:44:27,CLR-1029,1,2,P2,TAKE,CONSUMER,-203.12,1,0.946,False
EVT-000226,CART-D2E833FF,2026-06-07T13:19:57,CLR-1029,1,2,P2,TAKE,CONSUMER,-199.33,1,0.892,False
EVT-000265,CART-B30FEA70,2026-06-07T13:22:17,CLR-1029,2,4,P8,TAKE,CONSUMER,-255.99,1,0.981,False
EVT-000248,CART-7C091D81,2026-06-07T13:59:21,CLR-1029,2,2,P6,TAKE,CONSUMER,-156.38,1,0.835,False
EVT-000249,CART-7C091D81,2026-06-07T13:59:35,CLR-1029,2,2,P6,RETURN,CONSUMER,152.2,1,0.9,False
EVT-000256,CART-D5873E2F,2026-06-07T14:06:33,CLR-1029,2,2,P6,TAKE,CONSUMER,-150.62,1,0.956,False
EVT-000224,CART-9D3E3071,2026-06-07T14:54:38,CLR-1029,1,1,P1,TAKE,CONSUMER,-235.44,1,0.965,False
EVT-000228,CART-76FA4473,2026-06-07T15:09:18,CLR-1029,1,2,P2,TAKE,CONSUMER,-203.49,1,0.875,False
EVT-000229,CART-A3B8460A,2026-06-07T15:16:48,CLR-1029,1,2,P2,TAKE,CONSUMER,-203.04,1,0.916,False
EVT-000241,CART-E36C2FC3,2026-06-07T16:11:07,CLR-1029,1,3,P3,TAKE,CONSUMER,-116.27,1,0.826,False
EVT-000231,CART-C74FD186,2026-06-07T17:13:39,CLR-1029,1,2,P2,TAKE,CONSUMER,-204.89,1,0.917,False
EVT-000254,CART-71AC4F3C,2026-06-07T17:15:42,CLR-1029,2,2,P6,TAKE,CONSUMER,-151.84,1,0.909,False
EVT-000255,CART-71AC4F3C,2026-06-07T17:16:13,CLR-1029,2,2,P6,RETURN,CONSUMER,152.41,1,0.9,False
EVT-000238,CART-66157B7C,2026-06-07T17:36:59,CLR-1029,1,2,P2,TAKE,CONSUMER,-195.69,1,0.864,False
EVT-000222,CART-65402659,2026-06-07T17:48:57,CLR-1029,1,1,P1,TAKE,CONSUMER,-234.39,1,0.861,False
EVT-000234,CART-7899EDE7,2026-06-07T17:52:28,CLR-1029,1,2,P2,TAKE,CONSUMER,-200.38,1,0.973,False
EVT-000239,CART-929580F8,2026-06-07T18:14:01,CLR-1029,1,2,P2,TAKE,CONSUMER,-198.25,1,0.878,False
EVT-000236,CART-193BEAC5,2026-06-07T18:22:01,CLR-1029,1,2,P2,TAKE,CONSUMER,-204.91,1,0.986,False
EVT-000223,CART-15B57AB2,2026-06-07T18:30:00,CLR-1029,1,1,P1,TAKE,CONSUMER,-234.82,1,0.909,False
EVT-000257,CART-5C66A6B3,2026-06-07T19:19:37,CLR-1029,2,2,P6,TAKE,CONSUMER,-157.2,1,0.891,False
EVT-000258,CART-5C66A6B3,2026-06-07T19:19:47,CLR-1029,2,2,P6,RETURN,CONSUMER,150.13,1,0.9,False
EVT-000230,CART-15997605,2026-06-07T20:21:24,CLR-1029,1,2,P2,TAKE,CONSUMER,-196.98,1,0.98,False
EVT-000232,CART-27A7D520,2026-06-07T20:31:30,CLR-1029,1,2,P2,TAKE,CONSUMER,-200.1,1,0.853,False
EVT-000235,CART-D04A768A,2026-06-07T20:39:30,CLR-1029,1,2,P2,TAKE,CONSUMER,-195.58,1,0.987,False
EVT-000264,CART-02CBDCDA,2026-06-07T20:42:15,CLR-1029,2,4,P8,TAKE,CONSUMER,-258.64,1,0.873,False
EVT-000252,CART-D0FC3752,2026-06-07T20:54:38,CLR-1029,2,2,P6,TAKE,CONSUMER,-151.49,1,0.926,False
EVT-000253,CART-D0FC3752,2026-06-07T20:55:04,CLR-1029,2,2,P6,RETURN,CONSUMER,157.21,1,0.9,False
EVT-000284,CART-63589293,2026-06-08T08:02:32,CLR-1029,2,1,P5,TAKE,CONSUMER,-95.65,1,0.959,False
EVT-000269,CART-D55BD04E,2026-06-08T08:09:58,CLR-1029,1,2,P2,TAKE,CONSUMER,-199.4,1,0.916,False
EVT-000287,CART-17E4AA5B,2026-06-08T08:55:23,CLR-1029,2,2,P6,TAKE,CONSUMER,-149.2,1,0.877,False
EVT-000288,CART-17E4AA5B,2026-06-08T08:55:46,CLR-1029,2,2,P6,RETURN,CONSUMER,149.64,1,0.9,False
EVT-000283,CART-37172BC1,2026-06-08T09:12:12,CLR-1029,1,3,P3,TAKE,CONSUMER,-112.76,1,0.858,False
EVT-000299,CART-E1433B9E,2026-06-08T09:56:59,CLR-1029,2,3,P7,TAKE,CONSUMER,-230.82,1,0.815,False
EVT-000281,CART-75010C2F,2026-06-08T10:13:57,CLR-1029,1,2,P2,TAKE,CONSUMER,-195.34,1,0.945,False
EVT-000276,CART-AB01EEB1,2026-06-08T10:40:19,CLR-1029,1,2,P2,TAKE,CONSUMER,-198.27,1,0.931,False
EVT-000271,CART-43653511,2026-06-08T10:44:58,CLR-1029,1,2,P2,TAKE,CONSUMER,-196.04,1,0.862,False
EVT-000273,CART-457922A9,2026-06-08T11:17:29,CLR-1029,1,2,P2,TAKE,CONSUMER,-203.68,1,0.929,False
EVT-000272,CART-6E7D8685,2026-06-08T11:59:42,CLR-1029,1,2,P2,TAKE,CONSUMER,-195.07,1,0.93,False
EVT-000300,CART-6726411B,2026-06-08T12:09:02,CLR-1029,2,3,UNKNOWN,TAKE,CONSUMER,-230.55,1,0.319,True
EVT-000279,CART-90DD5CA1,2026-06-08T12:18:04,CLR-1029,1,2,P2,TAKE,CONSUMER,-197.23,1,0.975,False
EVT-000301,CART-D6CDCFCC,2026-06-08T12:33:49,CLR-1029,2,4,P8,TAKE,CONSUMER,-257.7,1,0.944,False
EVT-000298,CART-4DEA218D,2026-06-08T12:40:52,CLR-1029,2,3,UNKNOWN,TAKE,CONSUMER,-229.18,1,0.476,True
EVT-000278,CART-77A2B522,2026-06-08T12:48:26,CLR-1029,1,2,P2,TAKE,CONSUMER,-201.1,1,0.975,False
EVT-000275,CART-2803EF3E,2026-06-08T14:42:47,CLR-1029,1,2,P2,TAKE,CONSUMER,-195.01,1,0.886,False
EVT-000297,CART-0EF9A0DD,2026-06-08T14:59:33,CLR-1029,2,3,UNKNOWN,TAKE,CONSUMER,-229.46,1,0.432,True
EVT-000280,CART-FE277A7C,2026-06-08T15:03:07,CLR-1029,1,2,P2,TAKE,CONSUMER,-198.2,1,0.931,False
EVT-000295,CART-AEB9E400,2026-06-08T15:14:20,CLR-1029,2,2,P6,TAKE,CONSUMER,-155.71,1,0.751,False
EVT-000296,CART-AEB9E400,2026-06-08T15:14:53,CLR-1029,2,2,P6,RETURN,CONSUMER,151.7,1,0.9,False
EVT-000274,CART-58786BF4,2026-06-08T15:22:04,CLR-1029,1,2,P2,TAKE,CONSUMER,-198.75,1,0.877,False
EVT-000270,CART-B99ADC8D,2026-06-08T15:45:49,CLR-1029,1,2,P2,TAKE,CONSUMER,-204.74,1,0.931,False
EVT-000277,CART-593C2A65,2026-06-08T16:51:44,CLR-1029,1,2,P2,TAKE,CONSUMER,-200.7,1,0.859,False
EVT-000268,CART-65E89913,2026-06-08T18:01:12,CLR-1029,1,2,P2,TAKE,CONSUMER,-202.12,1,0.95,False
EVT-000282,CART-EA0183B0,2026-06-08T18:13:42,CLR-1029,1,3,P3,TAKE,CONSUMER,-112.26,1,0.91,False
EVT-000285,CART-0EA74A76,2026-06-08T18:42:29,CLR-1029,2,2,P6,TAKE,CONSUMER,-148.58,1,0.961,False
EVT-000286,CART-0EA74A76,2026-06-08T18:43:05,CLR-1029,2,2,P6,RETURN,CONSUMER,151.24,1,0.9,False
EVT-000289,CART-AAA6885F,2026-06-08T19:01:17,CLR-1029,2,2,P6,TAKE,CONSUMER,-154.95,1,0.947,False
EVT-000290,CART-AAA6885F,2026-06-08T19:01:43,CLR-1029,2,2,P6,RETURN,CONSUMER,154.04,1,0.9,False
EVT-000291,CART-211278BF,2026-06-08T19:44:12,CLR-1029,2,2,P6,TAKE,CONSUMER,-149.79,1,0.895,False
EVT-000292,CART-211278BF,2026-06-08T19:44:34,CLR-1029,2,2,P6,RETURN,CONSUMER,151.02,1,0.9,False
EVT-000267,CART-327770F2,2026-06-08T19:58:42,CLR-1029,1,1,P1,TAKE,CONSUMER,-238.45,1,0.822,False
EVT-000293,CART-FE6842B9,2026-06-08T20:30:50,CLR-1029,2,2,P6,TAKE,CONSUMER,-148.39,1,0.877,False
EVT-000294,CART-FE6842B9,2026-06-08T20:31:17,CLR-1029,2,2,P6,RETURN,CONSUMER,152.1,1,0.9,False
EVT-000322,STOCKER-01,2026-06-09T07:10:00,CLR-1029,1,2,P2,PLACE,STOCKER,4502.76,22,0.99,False
EVT-000328,CART-52C5C1B3,2026-06-09T08:12:33,CLR-1029,2,1,P5,TAKE,CONSUMER,-92.23,1,0.843,False
EVT-000333,CART-D29C87A6,2026-06-09T08:23:29,CLR-1029,2,2,P6,TAKE,CONSUMER,-152.78,1,0.922,False
EVT-000334,CART-D29C87A6,2026-06-09T08:24:14,CLR-1029,2,2,P6,RETURN,CONSUMER,150.48,1,0.9,False
EVT-000311,CART-B1A99AC9,2026-06-09T08:33:45,CLR-1029,1,2,P2,TAKE,CONSUMER,-197.61,1,0.957,False
EVT-000325,CART-1D19645A,2026-06-09T09:29:13,CLR-1029,1,3,P3,TAKE,CONSUMER,-112.57,1,0.9,False
EVT-000338,CART-E21214DB,2026-06-09T09:34:25,CLR-1029,2,2,P6,TAKE,CONSUMER,-150.69,1,0.945,False
EVT-000339,CART-E21214DB,2026-06-09T09:34:41,CLR-1029,2,2,P6,RETURN,CONSUMER,152.76,1,0.9,False
EVT-000316,CART-A2D0BC45,2026-06-09T10:00:18,CLR-1029,1,2,P2,TAKE,CONSUMER,-200.95,1,0.859,False
EVT-000326,CART-78FF6EF7,2026-06-09T10:06:44,CLR-1029,2,1,P5,TAKE,CONSUMER,-92.78,1,0.842,False
EVT-000340,CART-3297E111,2026-06-09T10:20:05,CLR-1029,2,3,UNKNOWN,TAKE,CONSUMER,-235.34,1,0.356,True
EVT-000331,CART-E7913CB4,2026-06-09T10:34:49,CLR-1029,2,2,P6,TAKE,CONSUMER,-151.03,1,0.864,False
EVT-000332,CART-E7913CB4,2026-06-09T10:35:21,CLR-1029,2,2,P6,RETURN,CONSUMER,150.11,1,0.9,False
EVT-000341,CART-EE6E46D0,2026-06-09T11:09:02,CLR-1029,2,4,P8,TAKE,CONSUMER,-263.46,1,0.943,False
EVT-000342,CART-EE6E46D0,2026-06-09T11:09:31,CLR-1029,2,4,P8,RETURN,CONSUMER,261.33,1,0.95,False
EVT-000308,CART-943FC3AD,2026-06-09T11:33:38,CLR-1029,1,2,P2,TAKE,CONSUMER,-205.07,1,0.963,False
EVT-000329,CART-75A80DAF,2026-06-09T12:18:05,CLR-1029,2,2,P6,TAKE,CONSUMER,-151.53,1,0.811,False
EVT-000330,CART-75A80DAF,2026-06-09T12:18:47,CLR-1029,2,2,P6,RETURN,CONSUMER,157.26,1,0.9,False
EVT-000306,CART-FF4BAD9E,2026-06-09T13:10:25,CLR-1029,1,2,P2,TAKE,CONSUMER,-200.33,1,0.888,False
EVT-000320,CART-1488D127,2026-06-09T13:47:46,CLR-1029,1,2,P2,TAKE,CONSUMER,-199.32,1,0.954,False
EVT-000310,CART-A6CDC819,2026-06-09T13:53:35,CLR-1029,1,2,P2,TAKE,CONSUMER,-197.1,1,0.883,False
EVT-000317,CART-21333F86,2026-06-09T15:11:56,CLR-1029,1,2,P2,TAKE,CONSUMER,-194.26,1,0.979,False
EVT-000302,CART-06A9C5AF,2026-06-09T15:23:31,CLR-1029,1,1,P1,TAKE,CONSUMER,-227.37,1,0.856,False
EVT-000307,CART-957E7F4E,2026-06-09T15:35:16,CLR-1029,1,2,P2,TAKE,CONSUMER,-195.78,1,0.851,False
EVT-000313,CART-E9FFCEFB,2026-06-09T15:55:52,CLR-1029,1,2,P2,TAKE,CONSUMER,-203.96,1,0.913,False
EVT-000303,CART-AA44C872,2026-06-09T16:22:11,CLR-1029,1,1,P1,TAKE,CONSUMER,-237.3,1,0.868,False
EVT-000312,CART-97D92068,2026-06-09T16:39:50,CLR-1029,1,2,P2,TAKE,CONSUMER,-202.1,1,0.918,False
EVT-000323,CART-C24D1D73,2026-06-09T16:58:53,CLR-1029,1,3,P3,TAKE,CONSUMER,-112.56,1,0.845,False
EVT-000324,CART-C24D1D73,2026-06-09T17:00:11,CLR-1029,1,3,P3,RETURN,CONSUMER,116.05,1,0.95,False
EVT-000305,CART-75BF7552,2026-06-09T17:08:00,CLR-1029,1,1,P1,TAKE,CONSUMER,-236.39,1,0.97,False
EVT-000318,CART-87ACE1FA,2026-06-09T17:18:39,CLR-1029,1,2,P2,TAKE,CONSUMER,-201.6,1,0.891,False
EVT-000309,CART-46330A45,2026-06-09T17:21:40,CLR-1029,1,2,P2,TAKE,CONSUMER,-198.54,1,0.92,False
EVT-000335,CART-CF3269CA,2026-06-09T18:23:28,CLR-1029,2,2,P6,TAKE,CONSUMER,-152.76,1,0.896,False
EVT-000319,CART-E88EF7EF,2026-06-09T19:52:09,CLR-1029,1,2,P2,TAKE,CONSUMER,-201.61,1,0.974,False
EVT-000315,CART-3F9F7AF6,2026-06-09T20:12:11,CLR-1029,1,2,P2,TAKE,CONSUMER,-194.05,1,0.889,False
EVT-000336,CART-D786616E,2026-06-09T20:13:11,CLR-1029,2,2,P6,TAKE,CONSUMER,-150.59,1,0.908,False
EVT-000337,CART-D786616E,2026-06-09T20:13:16,CLR-1029,2,2,P6,RETURN,CONSUMER,150.5,1,0.9,False
EVT-000327,CART-B800B1A1,2026-06-09T20:26:07,CLR-1029,2,1,P5,TAKE,CONSUMER,-91.2,1,0.825,False
EVT-000314,CART-F74415AC,2026-06-09T20:41:32,CLR-1029,1,2,P2,TAKE,CONSUMER,-199.08,1,0.968,False
EVT-000304,CART-121D0705,2026-06-09T20:43:11,CLR-1029,1,1,P1,TAKE,CONSUMER,-239.18,1,0.836,False
EVT-000321,CART-973FBA9D,2026-06-09T20:56:21,CLR-1029,1,2,P2,TAKE,CONSUMER,-201.03,1,0.901,False
EVT-000349,CART-F7300FC2,2026-06-10T09:21:40,CLR-1029,1,2,P2,TAKE,CONSUMER,-203.92,1,0.954,False
EVT-000344,CART-4F83A783,2026-06-10T11:57:19,CLR-1029,1,2,P2,TAKE,CONSUMER,-201.85,1,0.921,False
EVT-000358,CART-EC5E4056,2026-06-10T12:27:32,CLR-1029,2,2,P6,TAKE,CONSUMER,-149.65,1,0.883,False
EVT-000353,CART-C3C0333B,2026-06-10T12:54:57,CLR-1029,1,3,P3,TAKE,CONSUMER,-110.73,1,0.913,False
EVT-000351,CART-8161E1F0,2026-06-10T12:58:07,CLR-1029,1,3,P3,TAKE,CONSUMER,-112.79,1,0.85,False
EVT-000346,CART-4DF4B885,2026-06-10T13:44:34,CLR-1029,1,2,P2,TAKE,CONSUMER,-198.06,1,0.853,False
EVT-000362,CART-8A47C325,2026-06-10T14:41:03,CLR-1029,2,4,P8,TAKE,CONSUMER,-252.46,1,0.929,False
EVT-000345,CART-09255275,2026-06-10T14:48:43,CLR-1029,1,2,P2,TAKE,CONSUMER,-193.85,1,0.945,False
EVT-000356,CART-94E2469D,2026-06-10T15:28:01,CLR-1029,2,2,P6,TAKE,CONSUMER,-152.97,1,0.945,False
EVT-000357,CART-94E2469D,2026-06-10T15:28:22,CLR-1029,2,2,P6,RETURN,CONSUMER,151.47,1,0.9,False
EVT-000347,CART-F6007886,2026-06-10T16:32:05,CLR-1029,1,2,P2,TAKE,CONSUMER,-195.15,1,0.9,False
EVT-000361,CART-5DB9F76C,2026-06-10T17:10:40,CLR-1029,2,4,P8,TAKE,CONSUMER,-252.08,1,0.965,False
EVT-000354,CART-2BDAC10A,2026-06-10T17:18:11,CLR-1029,1,3,P3,TAKE,CONSUMER,-115.46,1,0.848,False
EVT-000352,CART-8CB42F1D,2026-06-10T18:07:28,CLR-1029,1,3,P3,TAKE,CONSUMER,-111.03,1,0.835,False
EVT-000363,CART-BBF2FF8A,2026-06-10T18:53:15,CLR-1029,2,4,P8,TAKE,CONSUMER,-252.27,1,0.821,False
EVT-000355,CART-DC003443,2026-06-10T19:01:01,CLR-1029,2,1,P5,TAKE,CONSUMER,-96.32,1,0.962,False
EVT-000343,CART-D97D917D,2026-06-10T19:22:10,CLR-1029,1,2,P2,TAKE,CONSUMER,-203.81,1,0.881,False
EVT-000350,CART-05324097,2026-06-10T19:30:42,CLR-1029,1,3,P3,TAKE,CONSUMER,-112.21,1,0.937,False
EVT-000359,CART-E6EDDC1C,2026-06-10T19:59:45,CLR-1029,2,2,P6,TAKE,CONSUMER,-149.73,1,0.893,False
EVT-000360,CART-E6EDDC1C,2026-06-10T20:00:23,CLR-1029,2,2,P6,RETURN,CONSUMER,153.4,1,0.9,False
EVT-000348,CART-3BF0201E,2026-06-10T20:11:56,CLR-1029,1,2,P2,TAKE,CONSUMER,-204.18,1,0.915,False
EVT-000374,STOCKER-01,2026-06-11T07:10:00,CLR-1029,1,2,P2,PLACE,STOCKER,4508.34,22,0.99,False
EVT-000367,CART-5FE05DD7,2026-06-11T08:21:30,CLR-1029,1,2,P2,TAKE,CONSUMER,-195.34,1,0.986,False
EVT-000388,CART-CE88A936,2026-06-11T08:50:10,CLR-1029,2,4,P8,TAKE,CONSUMER,-259.08,1,0.939,False
EVT-000378,CART-1CB9292E,2026-06-11T08:56:31,CLR-1029,2,1,P5,TAKE,CONSUMER,-96.08,1,0.941,False
EVT-000372,CART-D6227424,2026-06-11T09:27:15,CLR-1029,1,2,P2,TAKE,CONSUMER,-193.9,1,0.985,False
EVT-000364,CART-C3C80D2B,2026-06-11T09:29:55,CLR-1029,1,1,P1,TAKE,CONSUMER,-232.28,1,0.903,False
EVT-000375,CART-EB2DF193,2026-06-11T09:30:40,CLR-1029,1,3,P3,TAKE,CONSUMER,-113.69,1,0.974,False
EVT-000365,CART-C3C80D2B,2026-06-11T09:31:09,CLR-1029,1,1,P1,RETURN,CONSUMER,229.65,1,0.95,False
EVT-000381,CART-DA32D66C,2026-06-11T09:50:52,CLR-1029,2,2,P6,TAKE,CONSUMER,-154.63,1,0.844,False
EVT-000382,CART-DA32D66C,2026-06-11T09:51:34,CLR-1029,2,2,P6,RETURN,CONSUMER,153.32,1,0.9,False
EVT-000383,CART-B6C626D1,2026-06-11T10:30:08,CLR-1029,2,2,P6,TAKE,CONSUMER,-157.02,1,0.769,False
EVT-000384,CART-B6C626D1,2026-06-11T10:30:53,CLR-1029,2,2,P6,RETURN,CONSUMER,149.27,1,0.9,False
EVT-000369,CART-B213D209,2026-06-11T12:08:22,CLR-1029,1,2,P2,TAKE,CONSUMER,-204.54,1,0.966,False
EVT-000387,CART-2B39482A,2026-06-11T13:16:41,CLR-1029,2,4,P8,TAKE,CONSUMER,-259.81,1,0.85,False
EVT-000373,CART-EF072FF1,2026-06-11T13:44:07,CLR-1029,1,2,P2,TAKE,CONSUMER,-194.06,1,0.957,False
EVT-000377,CART-E9DAF2A6,2026-06-11T14:36:13,CLR-1029,2,1,P5,TAKE,CONSUMER,-96.31,1,0.878,False
EVT-000376,CART-8F6169DD,2026-06-11T15:36:05,CLR-1029,2,1,P5,TAKE,CONSUMER,-92.5,1,0.883,False
EVT-000371,CART-22BD0A85,2026-06-11T16:30:00,CLR-1029,1,2,P2,TAKE,CONSUMER,-200.84,1,0.864,False
EVT-000368,CART-3B91F91B,2026-06-11T16:42:25,CLR-1029,1,2,P2,TAKE,CONSUMER,-193.82,1,0.956,False
EVT-000385,CART-3D4F944D,2026-06-11T17:06:22,CLR-1029,2,2,P6,TAKE,CONSUMER,-154.31,1,0.826,False
EVT-000386,CART-3D4F944D,2026-06-11T17:06:38,CLR-1029,2,2,P6,RETURN,CONSUMER,152.51,1,0.9,False
EVT-000379,CART-15B2D0F6,2026-06-11T17:20:50,CLR-1029,2,2,P6,TAKE,CONSUMER,-150.32,1,0.806,False
EVT-000380,CART-15B2D0F6,2026-06-11T17:21:27,CLR-1029,2,2,P6,RETURN,CONSUMER,152.84,1,0.9,False
EVT-000366,CART-63601E66,2026-06-11T18:07:35,CLR-1029,1,1,P1,TAKE,CONSUMER,-232.59,1,0.85,False
EVT-000370,CART-E672ED1E,2026-06-11T20:50:10,CLR-1029,1,2,P2,TAKE,CONSUMER,-198.4,1,0.927,False
EVT-000395,CART-E3D746B8,2026-06-12T08:01:38,CLR-1029,1,2,P2,TAKE,CONSUMER,-200.32,1,0.939,False
EVT-000393,CART-331E4406,2026-06-12T08:28:17,CLR-1029,1,2,P2,TAKE,CONSUMER,-199.35,1,0.974,False
EVT-000404,CART-CE7420D9,2026-06-12T08:45:22,CLR-1029,1,3,P3,TAKE,CONSUMER,-114.52,1,0.905,False
EVT-000390,CART-10D6A871,2026-06-12T09:21:41,CLR-1029,1,1,P1,TAKE,CONSUMER,-235.69,1,0.908,False
EVT-000420,CART-58C83229,2026-06-12T10:27:19,CLR-1029,2,3,UNKNOWN,TAKE,CONSUMER,-230.5,1,0.496,True
EVT-000422,CART-39A733BC,2026-06-12T12:24:41,CLR-1029,2,4,P8,TAKE,CONSUMER,-261.01,1,0.851,False
EVT-000391,CART-DB5B4637,2026-06-12T12:29:57,CLR-1029,1,1,P1,TAKE,CONSUMER,-231.31,1,0.839,False
EVT-000389,CART-C2B9EA90,2026-06-12T12:43:19,CLR-1029,1,1,P1,TAKE,CONSUMER,-226.09,1,0.988,False
EVT-000408,CART-0EABCC98,2026-06-12T13:01:27,CLR-1029,2,2,P6,TAKE,CONSUMER,-152.22,1,0.861,False
EVT-000409,CART-0EABCC98,2026-06-12T13:02:05,CLR-1029,2,2,P6,RETURN,CONSUMER,153.98,1,0.9,False
EVT-000401,CART-CD2AC048,2026-06-12T13:57:06,CLR-1029,1,3,P3,TAKE,CONSUMER,-113.24,1,0.854,False
EVT-000403,CART-DD548506,2026-06-12T14:42:56,CLR-1029,1,3,P3,TAKE,CONSUMER,-113.93,1,0.971,False
EVT-000397,CART-071DAC81,2026-06-12T14:44:24,CLR-1029,1,2,P2,TAKE,CONSUMER,-199.66,1,0.906,False
EVT-000394,CART-A755257A,2026-06-12T15:30:58,CLR-1029,1,2,P2,TAKE,CONSUMER,-198.87,1,0.913,False
EVT-000416,CART-A53BC1EC,2026-06-12T16:16:11,CLR-1029,2,2,P6,TAKE,CONSUMER,-149.66,1,0.814,False
EVT-000417,CART-A53BC1EC,2026-06-12T16:16:55,CLR-1029,2,2,P6,RETURN,CONSUMER,152.03,1,0.9,False
EVT-000418,CART-4601AD5E,2026-06-12T16:19:03,CLR-1029,2,2,P6,TAKE,CONSUMER,-154.49,1,0.955,False
EVT-000419,CART-4601AD5E,2026-06-12T16:19:42,CLR-1029,2,2,P6,RETURN,CONSUMER,156.26,1,0.9,False
EVT-000406,CART-8D8A3C46,2026-06-12T16:43:19,CLR-1029,2,1,P5,TAKE,CONSUMER,-91.25,1,0.909,False
EVT-000399,CART-6F0CD2DE,2026-06-12T16:44:11,CLR-1029,1,3,P3,TAKE,CONSUMER,-109.87,1,0.859,False
EVT-000398,CART-10A73FFE,2026-06-12T16:53:54,CLR-1029,1,2,P2,TAKE,CONSUMER,-196.45,1,0.935,False
EVT-000405,CART-4E4E318A,2026-06-12T16:55:20,CLR-1029,2,1,P5,TAKE,CONSUMER,-95.27,1,0.863,False
EVT-000414,CART-928E964C,2026-06-12T17:39:06,CLR-1029,2,2,P6,TAKE,CONSUMER,-156.66,1,0.9,False
EVT-000415,CART-928E964C,2026-06-12T17:39:39,CLR-1029,2,2,P6,RETURN,CONSUMER,151.6,1,0.9,False
EVT-000400,CART-4E605762,2026-06-12T18:30:28,CLR-1029,1,3,P3,TAKE,CONSUMER,-114.03,1,0.94,False
EVT-000402,CART-064719AA,2026-06-12T18:46:04,CLR-1029,1,3,P3,TAKE,CONSUMER,-112.81,1,0.86,False
EVT-000396,CART-167202D9,2026-06-12T18:58:32,CLR-1029,1,2,P2,TAKE,CONSUMER,-201.02,1,0.983,False
EVT-000392,CART-B7215592,2026-06-12T18:59:05,CLR-1029,1,2,P2,TAKE,CONSUMER,-200.0,1,0.851,False
EVT-000407,CART-BED0AF06,2026-06-12T19:30:56,CLR-1029,2,1,P5,TAKE,CONSUMER,-92.55,1,0.978,False
EVT-000410,CART-54451971,2026-06-12T19:50:13,CLR-1029,2,2,P6,TAKE,CONSUMER,-154.59,1,0.793,False
EVT-000411,CART-54451971,2026-06-12T19:50:58,CLR-1029,2,2,P6,RETURN,CONSUMER,157.41,1,0.9,False
EVT-000412,CART-FBD34CAB,2026-06-12T19:59:08,CLR-1029,2,2,P6,TAKE,CONSUMER,-149.95,1,0.929,False
EVT-000413,CART-FBD34CAB,2026-06-12T19:59:48,CLR-1029,2,2,P6,RETURN,CONSUMER,150.62,1,0.9,False
EVT-000423,CART-DE116C9C,2026-06-12T20:13:05,CLR-1029,2,4,P8,TAKE,CONSUMER,-254.26,1,0.882,False
EVT-000421,CART-18D6D9DC,2026-06-12T20:22:47,CLR-1029,2,4,P8,TAKE,CONSUMER,-255.8,1,0.929,False
EVT-000427,STOCKER-01,2026-06-13T07:00:00,CLR-1029,1,1,P1,PLACE,STOCKER,1893.37,8,0.99,False
EVT-000450,STOCKER-01,2026-06-13T07:00:00,CLR-1029,1,3,P3,PLACE,STOCKER,899.23,8,0.99,False
EVT-000454,STOCKER-01,2026-06-13T07:00:00,CLR-1029,2,1,P5,PLACE,STOCKER,729.78,8,0.99,False
EVT-000469,STOCKER-01,2026-06-13T07:00:00,CLR-1029,2,2,P6,PLACE,STOCKER,1215.94,8,0.99,False
EVT-000471,STOCKER-01,2026-06-13T07:00:00,CLR-1029,2,3,P7,PLACE,STOCKER,1884.85,8,0.99,False
EVT-000472,STOCKER-01,2026-06-13T07:00:00,CLR-1029,2,4,P8,PLACE,STOCKER,2081.8,8,0.99,False
EVT-000445,STOCKER-01,2026-06-13T07:10:00,CLR-1029,1,2,P2,PLACE,STOCKER,4347.81,22,0.99,False
EVT-000449,CART-C49D7667,2026-06-13T08:34:51,CLR-1029,1,3,P3,TAKE,CONSUMER,-110.07,1,0.976,False
EVT-000461,CART-62ADA925,2026-06-13T08:45:46,CLR-1029,2,2,P6,TAKE,CONSUMER,-153.74,1,0.91,False
EVT-000462,CART-62ADA925,2026-06-13T08:46:24,CLR-1029,2,2,P6,RETURN,CONSUMER,150.82,1,0.9,False
EVT-000453,CART-76FDB350,2026-06-13T09:16:04,CLR-1029,2,1,P5,TAKE,CONSUMER,-93.88,1,0.855,False
EVT-000446,CART-18CAA043,2026-06-13T10:01:20,CLR-1029,1,3,P3,TAKE,CONSUMER,-111.84,1,0.94,False
EVT-000444,CART-DA83AF8C,2026-06-13T10:16:58,CLR-1029,1,2,P2,TAKE,CONSUMER,-197.63,1,0.981,False
EVT-000425,CART-2371C549,2026-06-13T10:49:06,CLR-1029,1,1,P1,TAKE,CONSUMER,-235.98,1,0.947,False
EVT-000429,CART-0C059512,2026-06-13T10:54:59,CLR-1029,1,2,P2,TAKE,CONSUMER,-204.23,1,0.859,False
EVT-000428,CART-571973BB,2026-06-13T11:04:40,CLR-1029,1,2,P2,TAKE,CONSUMER,-196.1,1,0.879,False
EVT-000438,CART-ECF8887D,2026-06-13T11:13:26,CLR-1029,1,2,P2,TAKE,CONSUMER,-204.9,1,0.987,False
EVT-000441,CART-D20EDCD5,2026-06-13T11:53:43,CLR-1029,1,2,P2,TAKE,CONSUMER,-197.44,1,0.89,False
EVT-000442,CART-F9E6DE43,2026-06-13T12:06:34,CLR-1029,1,2,P2,TAKE,CONSUMER,-204.98,1,0.989,False
EVT-000443,CART-E342D9F6,2026-06-13T12:09:58,CLR-1029,1,2,P2,TAKE,CONSUMER,-202.98,1,0.869,False
EVT-000447,CART-3E993F1E,2026-06-13T12:19:04,CLR-1029,1,3,P3,TAKE,CONSUMER,-114.47,1,0.963,False
EVT-000467,CART-19DA4341,2026-06-13T12:44:38,CLR-1029,2,2,P6,TAKE,CONSUMER,-154.34,1,0.966,False
EVT-000468,CART-19DA4341,2026-06-13T12:44:57,CLR-1029,2,2,P6,RETURN,CONSUMER,151.55,1,0.9,False
EVT-000434,CART-33100F7A,2026-06-13T13:38:04,CLR-1029,1,2,P2,TAKE,CONSUMER,-203.3,1,0.962,False
EVT-000433,CART-6DFA428D,2026-06-13T14:03:51,CLR-1029,1,2,P2,TAKE,CONSUMER,-200.28,1,0.919,False
EVT-000432,CART-3E2FD41D,2026-06-13T14:16:52,CLR-1029,1,2,P2,TAKE,CONSUMER,-203.84,1,0.899,False
EVT-000431,CART-0AAF9FC6,2026-06-13T14:27:37,CLR-1029,1,2,P2,TAKE,CONSUMER,-201.14,1,0.869,False
EVT-000452,CART-0A79E914,2026-06-13T14:46:00,CLR-1029,2,1,P5,TAKE,CONSUMER,-96.49,1,0.963,False
EVT-000459,CART-1F10CCD1,2026-06-13T15:21:27,CLR-1029,2,2,P6,TAKE,CONSUMER,-152.51,1,0.787,False
EVT-000460,CART-1F10CCD1,2026-06-13T15:21:52,CLR-1029,2,2,P6,RETURN,CONSUMER,149.02,1,0.9,False
EVT-000426,CART-3770061D,2026-06-13T15:39:41,CLR-1029,1,1,P1,TAKE,CONSUMER,-238.52,1,0.95,False
EVT-000451,CART-456BF583,2026-06-13T16:05:35,CLR-1029,2,1,P5,TAKE,CONSUMER,-94.51,1,0.953,False
EVT-000463,CART-9C7DE0FD,2026-06-13T16:08:02,CLR-1029,2,2,P6,TAKE,CONSUMER,-156.38,1,0.816,False
EVT-000464,CART-9C7DE0FD,2026-06-13T16:08:46,CLR-1029,2,2,P6,RETURN,CONSUMER,154.35,1,0.9,False
EVT-000424,CART-B2F94CA7,2026-06-13T16:49:27,CLR-1029,1,1,P1,TAKE,CONSUMER,-228.16,1,0.953,False
EVT-000440,CART-08A0397C,2026-06-13T17:36:44,CLR-1029,1,2,P2,TAKE,CONSUMER,-204.02,1,0.989,False
EVT-000430,CART-6D308931,2026-06-13T17:37:46,CLR-1029,1,2,P2,TAKE,CONSUMER,-203.28,1,0.944,False
EVT-000457,CART-606EF84B,2026-06-13T18:28:07,CLR-1029,2,2,P6,TAKE,CONSUMER,-151.84,1,0.79,False
EVT-000458,CART-606EF84B,2026-06-13T18:28:25,CLR-1029,2,2,P6,RETURN,CONSUMER,153.91,1,0.9,False
EVT-000436,CART-7130D5B7,2026-06-13T19:11:31,CLR-1029,1,2,P2,TAKE,CONSUMER,-205.12,1,0.889,False
EVT-000470,CART-0ACC7AE3,2026-06-13T19:12:43,CLR-1029,2,3,UNKNOWN,TAKE,CONSUMER,-233.49,1,0.516,True
EVT-000455,CART-A809280E,2026-06-13T19:17:54,CLR-1029,2,2,P6,TAKE,CONSUMER,-149.36,1,0.883,False
EVT-000456,CART-A809280E,2026-06-13T19:18:01,CLR-1029,2,2,P6,RETURN,CONSUMER,154.09,1,0.9,False
EVT-000437,CART-FCFDC636,2026-06-13T19:36:38,CLR-1029,1,2,P2,TAKE,CONSUMER,-195.36,1,0.937,False
EVT-000435,CART-77D3BE8D,2026-06-13T19:57:21,CLR-1029,1,2,P2,TAKE,CONSUMER,-196.28,1,0.862,False
EVT-000448,CART-7BE6721D,2026-06-13T20:10:15,CLR-1029,1,3,P3,TAKE,CONSUMER,-114.66,1,0.949,False
EVT-000465,CART-3DF08133,2026-06-13T20:37:46,CLR-1029,2,2,P6,TAKE,CONSUMER,-148.53,1,0.795,False
EVT-000466,CART-3DF08133,2026-06-13T20:38:11,CLR-1029,2,2,P6,RETURN,CONSUMER,151.03,1,0.9,False
EVT-000439,CART-A6804F94,2026-06-13T20:51:00,CLR-1029,1,2,P2,TAKE,CONSUMER,-203.17,1,0.851,False
EVT-000497,CART-E49B4F3F,2026-06-14T08:35:42,CLR-1029,2,2,P6,TAKE,CONSUMER,-155.03,1,0.771,False
EVT-000498,CART-E49B4F3F,2026-06-14T08:35:58,CLR-1029,2,2,P6,RETURN,CONSUMER,150.42,1,0.9,False
EVT-000480,CART-40F8E8DD,2026-06-14T08:39:03,CLR-1029,1,2,P2,TAKE,CONSUMER,-205.22,1,0.96,False
EVT-000487,CART-E5F48A58,2026-06-14T08:39:32,CLR-1029,1,2,P2,TAKE,CONSUMER,-194.07,1,0.869,False
EVT-000501,CART-5E855507,2026-06-14T08:54:54,CLR-1029,2,3,UNKNOWN,TAKE,CONSUMER,-235.81,1,0.474,True
EVT-000502,CART-A2904472,2026-06-14T09:00:49,CLR-1029,2,4,P8,TAKE,CONSUMER,-251.83,1,0.9,False
EVT-000491,CART-BEEC3910,2026-06-14T09:21:18,CLR-1029,1,2,P2,TAKE,CONSUMER,-195.99,1,0.862,False
EVT-000488,CART-AE28A84D,2026-06-14T10:18:46,CLR-1029,1,2,P2,TAKE,CONSUMER,-200.95,1,0.947,False
EVT-000483,CART-8D055617,2026-06-14T11:47:40,CLR-1029,1,2,P2,TAKE,CONSUMER,-198.96,1,0.855,False
EVT-000503,CART-7B2B9A69,2026-06-14T12:48:26,CLR-1029,2,4,P8,TAKE,CONSUMER,-259.44,1,0.972,False
EVT-000482,CART-DC2C191A,2026-06-14T12:54:42,CLR-1029,1,2,P2,TAKE,CONSUMER,-204.14,1,0.946,False
EVT-000476,CART-3F6C500A,2026-06-14T13:23:58,CLR-1029,1,2,P2,TAKE,CONSUMER,-200.73,1,0.943,False
EVT-000477,CART-F1721DE8,2026-06-14T13:37:34,CLR-1029,1,2,P2,TAKE,CONSUMER,-203.55,1,0.874,False
EVT-000490,CART-2E529928,2026-06-14T14:05:53,CLR-1029,1,2,P2,TAKE,CONSUMER,-205.52,1,0.864,False
EVT-000484,CART-9D869AB4,2026-06-14T14:15:09,CLR-1029,1,2,P2,TAKE,CONSUMER,-201.56,1,0.906,False
EVT-000473,CART-B85CF93D,2026-06-14T14:42:43,CLR-1029,1,1,P1,TAKE,CONSUMER,-234.72,1,0.904,False
EVT-000493,CART-CC22A4DB,2026-06-14T14:48:12,CLR-1029,1,3,P3,TAKE,CONSUMER,-114.77,1,0.831,False
EVT-000495,CART-BA75E5CB,2026-06-14T15:06:21,CLR-1029,2,1,P5,TAKE,CONSUMER,-96.38,1,0.957,False
EVT-000486,CART-8F5E27C9,2026-06-14T15:26:46,CLR-1029,1,2,P2,TAKE,CONSUMER,-199.07,1,0.904,False
EVT-000496,CART-987CC321,2026-06-14T15:45:10,CLR-1029,2,1,P5,TAKE,CONSUMER,-93.56,1,0.875,False
EVT-000492,CART-1728652B,2026-06-14T15:46:39,CLR-1029,1,3,P3,TAKE,CONSUMER,-116.05,1,0.952,False
EVT-000479,CART-963F0777,2026-06-14T16:42:37,CLR-1029,1,2,P2,TAKE,CONSUMER,-193.77,1,0.917,False
EVT-000489,CART-D1644F24,2026-06-14T17:11:24,CLR-1029,1,2,P2,TAKE,CONSUMER,-203.85,1,0.907,False
EVT-000499,CART-F16989BA,2026-06-14T18:00:40,CLR-1029,2,2,P6,TAKE,CONSUMER,-150.31,1,0.869,False
EVT-000500,CART-F16989BA,2026-06-14T18:01:23,CLR-1029,2,2,P6,RETURN,CONSUMER,150.15,1,0.9,False
EVT-000494,CART-7C88B266,2026-06-14T18:05:17,CLR-1029,1,3,P3,TAKE,CONSUMER,-113.97,1,0.933,False
EVT-000481,CART-35332FF5,2026-06-14T18:20:57,CLR-1029,1,2,P2,TAKE,CONSUMER,-205.51,1,0.959,False
EVT-000485,CART-51C5BE4D,2026-06-14T18:23:54,CLR-1029,1,2,P2,TAKE,CONSUMER,-201.39,1,0.981,False
EVT-000478,CART-1B9CD075,2026-06-14T18:38:08,CLR-1029,1,2,P2,TAKE,CONSUMER,-204.92,1,0.88,False
EVT-000475,CART-752024B9,2026-06-14T18:44:40,CLR-1029,1,2,P2,TAKE,CONSUMER,-197.18,1,0.926,False
EVT-000474,CART-037AF85E,2026-06-14T18:49:26,CLR-1029,1,2,P2,TAKE,CONSUMER,-205.38,1,0.941,False
EVT-000515,STOCKER-01,2026-06-15T07:10:00,CLR-1029,1,2,P2,PLACE,STOCKER,4399.62,22,0.99,False
EVT-000507,CART-74AF8FE2,2026-06-15T09:18:27,CLR-1029,1,2,P2,TAKE,CONSUMER,-198.7,1,0.987,False
EVT-000516,CART-E151F3F5,2026-06-15T09:57:31,CLR-1029,1,3,P3,TAKE,CONSUMER,-112.11,1,0.951,False
EVT-000514,CART-E64B3A88,2026-06-15T10:15:31,CLR-1029,1,2,P2,TAKE,CONSUMER,-197.38,1,0.894,False
EVT-000536,CART-B830AE23,2026-06-15T10:33:40,CLR-1029,2,4,P8,TAKE,CONSUMER,-262.33,1,0.957,False
EVT-000522,CART-7B3D2214,2026-06-15T10:44:50,CLR-1029,2,2,P6,TAKE,CONSUMER,-156.92,1,0.803,False
EVT-000523,CART-7B3D2214,2026-06-15T10:45:17,CLR-1029,2,2,P6,RETURN,CONSUMER,148.51,1,0.9,False
EVT-000520,CART-36565CA2,2026-06-15T11:17:56,CLR-1029,2,2,P6,TAKE,CONSUMER,-154.02,1,0.785,False
EVT-000521,CART-36565CA2,2026-06-15T11:18:40,CLR-1029,2,2,P6,RETURN,CONSUMER,150.39,1,0.9,False
EVT-000519,CART-3F24B5C5,2026-06-15T11:37:37,CLR-1029,2,1,P5,TAKE,CONSUMER,-95.98,1,0.982,False
EVT-000532,CART-59745593,2026-06-15T12:58:47,CLR-1029,2,3,P7,TAKE,CONSUMER,-228.76,1,0.829,False
EVT-000524,CART-63ABD5FF,2026-06-15T13:10:55,CLR-1029,2,2,P6,TAKE,CONSUMER,-154.71,1,0.876,False
EVT-000525,CART-63ABD5FF,2026-06-15T13:11:07,CLR-1029,2,2,P6,RETURN,CONSUMER,151.28,1,0.9,False
EVT-000526,CART-47E08B81,2026-06-15T14:14:07,CLR-1029,2,2,P6,TAKE,CONSUMER,-148.85,1,0.764,False
EVT-000527,CART-47E08B81,2026-06-15T14:14:14,CLR-1029,2,2,P6,RETURN,CONSUMER,153.94,1,0.9,False
EVT-000517,CART-2A7F5182,2026-06-15T14:25:37,CLR-1029,1,3,P3,TAKE,CONSUMER,-110.91,1,0.981,False
EVT-000530,CART-26325599,2026-06-15T14:49:42,CLR-1029,2,2,P6,TAKE,CONSUMER,-151.09,1,0.896,False
EVT-000531,CART-26325599,2026-06-15T14:50:23,CLR-1029,2,2,P6,RETURN,CONSUMER,157.21,1,0.9,False
EVT-000534,CART-ACB31144,2026-06-15T15:46:48,CLR-1029,2,4,P8,TAKE,CONSUMER,-259.79,1,0.86,False
EVT-000535,CART-ACB31144,2026-06-15T15:48:11,CLR-1029,2,4,P8,RETURN,CONSUMER,250.25,1,0.95,False
EVT-000508,CART-4CB0E4D0,2026-06-15T16:27:22,CLR-1029,1,2,P2,TAKE,CONSUMER,-196.4,1,0.98,False
EVT-000504,CART-035D80E0,2026-06-15T16:36:10,CLR-1029,1,1,P1,TAKE,CONSUMER,-234.19,1,0.878,False
EVT-000509,CART-68C67B3A,2026-06-15T17:07:27,CLR-1029,1,2,P2,TAKE,CONSUMER,-195.01,1,0.886,False
EVT-000528,CART-FE045B2B,2026-06-15T17:38:16,CLR-1029,2,2,P6,TAKE,CONSUMER,-153.49,1,0.953,False
EVT-000529,CART-FE045B2B,2026-06-15T17:38:45,CLR-1029,2,2,P6,RETURN,CONSUMER,154.26,1,0.9,False
EVT-000518,CART-02817F49,2026-06-15T17:41:23,CLR-1029,1,4,P4,TAKE,CONSUMER,-150.57,1,0.9,False
EVT-000510,CART-A3638291,2026-06-15T18:30:48,CLR-1029,1,2,P2,TAKE,CONSUMER,-194.76,1,0.901,False
EVT-000511,CART-43E34731,2026-06-15T18:42:00,CLR-1029,1,2,P2,TAKE,CONSUMER,-196.13,1,0.943,False
EVT-000512,CART-3AD216F5,2026-06-15T19:30:22,CLR-1029,1,2,P2,TAKE,CONSUMER,-197.73,1,0.974,False
EVT-000506,CART-92D3B388,2026-06-15T19:33:36,CLR-1029,1,2,P2,TAKE,CONSUMER,-201.36,1,0.875,False
EVT-000505,CART-F351BE5E,2026-06-15T19:57:00,CLR-1029,1,1,P1,TAKE,CONSUMER,-231.58,1,0.964,False
EVT-000533,CART-2D2BAA63,2026-06-15T20:04:58,CLR-1029,2,4,P8,TAKE,CONSUMER,-261.34,1,0.91,False
EVT-000513,CART-7014C28F,2026-06-15T20:43:38,CLR-1029,1,2,P2,TAKE,CONSUMER,-205.44,1,0.957,False
EVT-000550,CART-740DA2E7,2026-06-16T08:07:15,CLR-1029,1,2,P2,TAKE,CONSUMER,-198.34,1,0.96,False
EVT-000549,CART-A9C07AEE,2026-06-16T08:11:22,CLR-1029,1,2,P2,TAKE,CONSUMER,-204.01,1,0.963,False
EVT-000551,CART-2B991140,2026-06-16T09:26:24,CLR-1029,1,3,P3,TAKE,CONSUMER,-116.11,1,0.911,False
EVT-000555,CART-A79B1CE0,2026-06-16T10:48:24,CLR-1029,2,2,P6,TAKE,CONSUMER,-149.71,1,0.847,False
EVT-000556,CART-A79B1CE0,2026-06-16T10:49:03,CLR-1029,2,2,P6,RETURN,CONSUMER,154.77,1,0.9,False
EVT-000547,CART-DA7BEDCC,2026-06-16T11:03:05,CLR-1029,1,2,P2,TAKE,CONSUMER,-196.14,1,0.936,False
EVT-000541,CART-7415E80E,2026-06-16T11:13:34,CLR-1029,1,2,P2,TAKE,CONSUMER,-200.42,1,0.899,False
EVT-000539,CART-BE8DAA99,2026-06-16T11:57:41,CLR-1029,1,2,P2,TAKE,CONSUMER,-202.2,1,0.911,False
EVT-000540,CART-05083D90,2026-06-16T12:38:32,CLR-1029,1,2,P2,TAKE,CONSUMER,-199.43,1,0.856,False
EVT-000552,CART-ACF90C54,2026-06-16T13:02:46,CLR-1029,2,1,P5,TAKE,CONSUMER,-93.43,1,0.881,False
EVT-000559,CART-425DFA2C,2026-06-16T13:07:42,CLR-1029,2,2,P6,TAKE,CONSUMER,-151.07,1,0.919,False
EVT-000560,CART-425DFA2C,2026-06-16T13:08:04,CLR-1029,2,2,P6,RETURN,CONSUMER,150.04,1,0.9,False
EVT-000554,CART-8171D66A,2026-06-16T13:21:43,CLR-1029,2,1,P5,TAKE,CONSUMER,-92.63,1,0.866,False
EVT-000553,CART-E3E7F019,2026-06-16T13:25:21,CLR-1029,2,1,P5,TAKE,CONSUMER,-92.16,1,0.955,False
EVT-000569,CART-6AA17154,2026-06-16T14:24:26,CLR-1029,2,2,P6,TAKE,CONSUMER,-149.02,1,0.766,False
EVT-000570,CART-6AA17154,2026-06-16T14:25:07,CLR-1029,2,2,P6,RETURN,CONSUMER,150.67,1,0.9,False
EVT-000543,CART-029911AD,2026-06-16T14:45:48,CLR-1029,1,2,P2,TAKE,CONSUMER,-202.92,1,0.9,False
EVT-000567,CART-F3E12506,2026-06-16T15:17:07,CLR-1029,2,2,P6,TAKE,CONSUMER,-150.53,1,0.858,False
EVT-000568,CART-F3E12506,2026-06-16T15:17:37,CLR-1029,2,2,P6,RETURN,CONSUMER,157.09,1,0.9,False
EVT-000561,CART-431D7FC1,2026-06-16T15:24:43,CLR-1029,2,2,P6,TAKE,CONSUMER,-155.23,1,0.761,False
EVT-000562,CART-431D7FC1,2026-06-16T15:24:49,CLR-1029,2,2,P6,RETURN,CONSUMER,152.96,1,0.9,False
EVT-000538,CART-287C0DCC,2026-06-16T16:02:49,CLR-1029,1,2,P2,TAKE,CONSUMER,-197.16,1,0.966,False
EVT-000545,CART-7EF4EABA,2026-06-16T16:51:37,CLR-1029,1,2,P2,TAKE,CONSUMER,-195.49,1,0.903,False
EVT-000544,CART-E2353551,2026-06-16T17:24:28,CLR-1029,1,2,P2,TAKE,CONSUMER,-196.84,1,0.945,False
EVT-000565,CART-63839DA8,2026-06-16T17:35:54,CLR-1029,2,2,P6,TAKE,CONSUMER,-154.7,1,0.792,False
EVT-000566,CART-63839DA8,2026-06-16T17:36:39,CLR-1029,2,2,P6,RETURN,CONSUMER,152.58,1,0.9,False
EVT-000542,CART-FE6D8C58,2026-06-16T18:17:33,CLR-1029,1,2,P2,TAKE,CONSUMER,-193.68,1,0.953,False
EVT-000563,CART-0F64FD62,2026-06-16T19:17:30,CLR-1029,2,2,P6,TAKE,CONSUMER,-155.44,1,0.894,False
EVT-000564,CART-0F64FD62,2026-06-16T19:17:52,CLR-1029,2,2,P6,RETURN,CONSUMER,151.9,1,0.9,False
EVT-000546,CART-C9BA797C,2026-06-16T20:02:49,CLR-1029,1,2,P2,TAKE,CONSUMER,-205.22,1,0.885,False
EVT-000557,CART-270E27DA,2026-06-16T20:08:09,CLR-1029,2,2,P6,TAKE,CONSUMER,-153.93,1,0.919,False
EVT-000558,CART-270E27DA,2026-06-16T20:08:17,CLR-1029,2,2,P6,RETURN,CONSUMER,149.54,1,0.9,False
EVT-000548,CART-0CBFE9DB,2026-06-16T20:17:20,CLR-1029,1,2,P2,TAKE,CONSUMER,-195.88,1,0.958,False
EVT-000537,CART-80E4909C,2026-06-16T20:42:29,CLR-1029,1,1,P1,TAKE,CONSUMER,-234.56,1,0.912,False
EVT-000571,CART-D289E7EB,2026-06-16T20:56:17,CLR-1029,2,4,P8,TAKE,CONSUMER,-255.69,1,0.988,False
EVT-000585,STOCKER-01,2026-06-17T07:10:00,CLR-1029,1,2,P2,PLACE,STOCKER,4500.29,22,0.99,False
EVT-000603,CART-4B296054,2026-06-17T08:02:18,CLR-1029,2,2,P6,TAKE,CONSUMER,-152.73,1,0.829,False
EVT-000604,CART-4B296054,2026-06-17T08:02:32,CLR-1029,2,2,P6,RETURN,CONSUMER,157.39,1,0.9,False
EVT-000580,CART-08C2E196,2026-06-17T08:03:38,CLR-1029,1,2,P2,TAKE,CONSUMER,-197.49,1,0.935,False
EVT-000586,CART-3ADBF77D,2026-06-17T08:18:53,CLR-1029,1,3,P3,TAKE,CONSUMER,-116.32,1,0.824,False
EVT-000597,CART-411F249E,2026-06-17T08:23:16,CLR-1029,2,2,P6,TAKE,CONSUMER,-151.32,1,0.763,False
EVT-000598,CART-411F249E,2026-06-17T08:23:51,CLR-1029,2,2,P6,RETURN,CONSUMER,150.47,1,0.9,False
EVT-000577,CART-AB268C92,2026-06-17T09:16:19,CLR-1029,1,2,P2,TAKE,CONSUMER,-195.24,1,0.898,False
EVT-000590,CART-E30F770A,2026-06-17T09:37:53,CLR-1029,2,1,P5,TAKE,CONSUMER,-95.22,1,0.896,False
EVT-000607,CART-E79096D7,2026-06-17T09:55:21,CLR-1029,2,3,UNKNOWN,TAKE,CONSUMER,-224.56,1,0.304,True
EVT-000572,CART-533094D4,2026-06-17T10:09:10,CLR-1029,1,1,P1,TAKE,CONSUMER,-227.06,1,0.925,False
EVT-000588,CART-839F9D95,2026-06-17T10:28:07,CLR-1029,2,1,P5,TAKE,CONSUMER,-95.71,1,0.96,False
EVT-000608,CART-76EA8FE0,2026-06-17T11:20:31,CLR-1029,2,3,UNKNOWN,TAKE,CONSUMER,-231.16,1,0.45,True
EVT-000584,CART-4CD4FB1B,2026-06-17T11:24:32,CLR-1029,1,2,P2,TAKE,CONSUMER,-199.11,1,0.901,False
EVT-000576,CART-5907C5B1,2026-06-17T11:29:40,CLR-1029,1,2,P2,TAKE,CONSUMER,-196.89,1,0.859,False
EVT-000593,CART-95541B2F,2026-06-17T11:53:50,CLR-1029,2,2,P6,TAKE,CONSUMER,-150.73,1,0.858,False
EVT-000594,CART-95541B2F,2026-06-17T11:54:20,CLR-1029,2,2,P6,RETURN,CONSUMER,154.78,1,0.9,False
EVT-000578,CART-A6274999,2026-06-17T12:24:54,CLR-1029,1,2,P2,TAKE,CONSUMER,-195.78,1,0.879,False
EVT-000605,CART-EE7E9D29,2026-06-17T13:36:23,CLR-1029,2,2,P6,TAKE,CONSUMER,-149.34,1,0.862,False
EVT-000606,CART-EE7E9D29,2026-06-17T13:36:38,CLR-1029,2,2,P6,RETURN,CONSUMER,157.2,1,0.9,False
EVT-000574,CART-1CB43945,2026-06-17T13:48:55,CLR-1029,1,1,P1,TAKE,CONSUMER,-235.4,1,0.866,False
EVT-000599,CART-A6DB00AD,2026-06-17T14:08:03,CLR-1029,2,2,P6,TAKE,CONSUMER,-148.78,1,0.776,False
EVT-000600,CART-A6DB00AD,2026-06-17T14:08:30,CLR-1029,2,2,P6,RETURN,CONSUMER,151.8,1,0.9,False
EVT-000582,CART-8A47279F,2026-06-17T14:08:43,CLR-1029,1,2,P2,TAKE,CONSUMER,-198.02,1,0.886,False
EVT-000609,CART-FF4110B3,2026-06-17T14:22:08,CLR-1029,2,3,UNKNOWN,TAKE,CONSUMER,-228.97,1,0.43,True
EVT-000601,CART-4BEEA3E1,2026-06-17T14:27:19,CLR-1029,2,2,P6,TAKE,CONSUMER,-151.46,1,0.939,False
EVT-000602,CART-4BEEA3E1,2026-06-17T14:27:34,CLR-1029,2,2,P6,RETURN,CONSUMER,155.4,1,0.9,False
EVT-000595,CART-CD7B31A8,2026-06-17T14:50:52,CLR-1029,2,2,P6,TAKE,CONSUMER,-150.34,1,0.81,False
EVT-000596,CART-CD7B31A8,2026-06-17T14:51:31,CLR-1029,2,2,P6,RETURN,CONSUMER,149.31,1,0.9,False
EVT-000579,CART-39F2CAAD,2026-06-17T15:17:12,CLR-1029,1,2,P2,TAKE,CONSUMER,-195.61,1,0.945,False
EVT-000573,CART-4A2512CF,2026-06-17T15:56:17,CLR-1029,1,1,P1,TAKE,CONSUMER,-234.9,1,0.827,False
EVT-000575,CART-3BE73106,2026-06-17T16:35:33,CLR-1029,1,1,P1,TAKE,CONSUMER,-233.03,1,0.911,False
EVT-000589,CART-81610782,2026-06-17T17:54:32,CLR-1029,2,1,P5,TAKE,CONSUMER,-93.03,1,0.844,False
EVT-000592,CART-5101B32D,2026-06-17T18:04:37,CLR-1029,2,1,P5,TAKE,CONSUMER,-93.55,1,0.85,False
EVT-000610,CART-B9ECA017,2026-06-17T18:13:49,CLR-1029,2,3,UNKNOWN,TAKE,CONSUMER,-233.86,1,0.368,True
EVT-000583,CART-EA3AA179,2026-06-17T18:32:23,CLR-1029,1,2,P2,TAKE,CONSUMER,-200.16,1,0.872,False
EVT-000591,CART-DC843BA6,2026-06-17T20:20:18,CLR-1029,2,1,P5,TAKE,CONSUMER,-95.66,1,0.849,False
EVT-000611,CART-FD21222E,2026-06-17T20:35:37,CLR-1029,2,4,P8,TAKE,CONSUMER,-257.03,1,0.949,False
EVT-000581,CART-5982E1F8,2026-06-17T20:46:57,CLR-1029,1,2,P2,TAKE,CONSUMER,-193.67,1,0.948,False
EVT-000587,CART-A44592CF,2026-06-17T20:51:44,CLR-1029,1,3,P3,TAKE,CONSUMER,-114.7,1,0.903,False
EVT-000632,CART-CB245418,2026-06-18T08:17:49,CLR-1029,2,2,P6,TAKE,CONSUMER,-151.39,1,0.923,False
EVT-000633,CART-CB245418,2026-06-18T08:18:00,CLR-1029,2,2,P6,RETURN,CONSUMER,155.42,1,0.9,False
EVT-000640,CART-13CED4D9,2026-06-18T08:28:16,CLR-1029,2,2,P6,TAKE,CONSUMER,-154.74,1,0.956,False
EVT-000641,CART-13CED4D9,2026-06-18T08:28:48,CLR-1029,2,2,P6,RETURN,CONSUMER,151.51,1,0.9,False
EVT-000634,CART-B1AD4D44,2026-06-18T09:11:39,CLR-1029,2,2,P6,TAKE,CONSUMER,-150.05,1,0.881,False
EVT-000635,CART-B1AD4D44,2026-06-18T09:11:55,CLR-1029,2,2,P6,RETURN,CONSUMER,155.93,1,0.9,False
EVT-000636,CART-9FB25DF4,2026-06-18T09:16:04,CLR-1029,2,2,P6,TAKE,CONSUMER,-154.63,1,0.945,False
EVT-000637,CART-9FB25DF4,2026-06-18T09:16:14,CLR-1029,2,2,P6,RETURN,CONSUMER,151.82,1,0.9,False
EVT-000648,CART-5812DD5A,2026-06-18T12:05:14,CLR-1029,2,3,UNKNOWN,TAKE,CONSUMER,-232.4,1,0.336,True
EVT-000646,CART-F4714103,2026-06-18T12:40:26,CLR-1029,2,2,P6,TAKE,CONSUMER,-154.31,1,0.864,False
EVT-000647,CART-F4714103,2026-06-18T12:40:40,CLR-1029,2,2,P6,RETURN,CONSUMER,149.99,1,0.9,False
EVT-000630,CART-BA20C808,2026-06-18T13:14:41,CLR-1029,2,2,P6,TAKE,CONSUMER,-152.13,1,0.909,False
EVT-000631,CART-BA20C808,2026-06-18T13:14:46,CLR-1029,2,2,P6,RETURN,CONSUMER,150.33,1,0.9,False
EVT-000650,CART-33B2AA3A,2026-06-18T13:23:14,CLR-1029,2,4,P8,TAKE,CONSUMER,-260.77,1,0.897,False
EVT-000617,CART-260AB520,2026-06-18T14:11:28,CLR-1029,1,2,P2,TAKE,CONSUMER,-197.09,1,0.907,False
EVT-000627,CART-04406DE3,2026-06-18T14:22:35,CLR-1029,1,3,P3,TAKE,CONSUMER,-115.86,1,0.841,False
EVT-000615,CART-DD4B7F74,2026-06-18T14:51:00,CLR-1029,1,2,P2,TAKE,CONSUMER,-201.9,1,0.99,False
EVT-000624,CART-BDE9850C,2026-06-18T15:11:07,CLR-1029,1,2,P2,TAKE,CONSUMER,-205.03,1,0.984,False
EVT-000642,CART-B59FB4B1,2026-06-18T15:35:43,CLR-1029,2,2,P6,TAKE,CONSUMER,-156.91,1,0.905,False
EVT-000643,CART-B59FB4B1,2026-06-18T15:35:55,CLR-1029,2,2,P6,RETURN,CONSUMER,150.51,1,0.9,False
EVT-000622,CART-1AC2C2F6,2026-06-18T16:08:33,CLR-1029,1,2,P2,TAKE,CONSUMER,-199.64,1,0.898,False
EVT-000620,CART-E62079FE,2026-06-18T16:36:51,CLR-1029,1,2,P2,TAKE,CONSUMER,-197.24,1,0.922,False
EVT-000613,CART-85585D99,2026-06-18T16:39:32,CLR-1029,1,2,P2,TAKE,CONSUMER,-196.32,1,0.874,False
EVT-000621,CART-957078BF,2026-06-18T17:26:57,CLR-1029,1,2,P2,TAKE,CONSUMER,-194.32,1,0.897,False
EVT-000628,CART-3ADFF06A,2026-06-18T17:31:16,CLR-1029,1,3,P3,TAKE,CONSUMER,-114.14,1,0.932,False
EVT-000619,CART-C0F7B48F,2026-06-18T17:52:48,CLR-1029,1,2,P2,TAKE,CONSUMER,-204.98,1,0.867,False
EVT-000623,CART-7701EB29,2026-06-18T18:13:39,CLR-1029,1,2,P2,TAKE,CONSUMER,-201.19,1,0.852,False
EVT-000644,CART-7C73BAEC,2026-06-18T18:23:24,CLR-1029,2,2,P6,TAKE,CONSUMER,-148.92,1,0.868,False
EVT-000645,CART-7C73BAEC,2026-06-18T18:23:58,CLR-1029,2,2,P6,RETURN,CONSUMER,150.82,1,0.9,False
EVT-000616,CART-FA7870E2,2026-06-18T18:27:16,CLR-1029,1,2,P2,TAKE,CONSUMER,-193.78,1,0.963,False
EVT-000649,CART-D3DE3421,2026-06-18T19:00:51,CLR-1029,2,4,P8,TAKE,CONSUMER,-254.7,1,0.95,False
EVT-000612,CART-F9931FD1,2026-06-18T19:04:43,CLR-1029,1,2,P2,TAKE,CONSUMER,-196.08,1,0.981,False
EVT-000626,CART-982C2335,2026-06-18T19:20:39,CLR-1029,1,3,P3,TAKE,CONSUMER,-111.07,1,0.905,False
EVT-000638,CART-FD880B7C,2026-06-18T19:23:24,CLR-1029,2,2,P6,TAKE,CONSUMER,-154.71,1,0.907,False
EVT-000639,CART-FD880B7C,2026-06-18T19:23:38,CLR-1029,2,2,P6,RETURN,CONSUMER,154.19,1,0.9,False
EVT-000629,CART-C2F1524D,2026-06-18T19:54:51,CLR-1029,2,1,P5,TAKE,CONSUMER,-91.54,1,0.927,False
EVT-000614,CART-FE20CF27,2026-06-18T19:56:25,CLR-1029,1,2,P2,TAKE,CONSUMER,-195.62,1,0.898,False
EVT-000625,CART-590873F9,2026-06-18T20:06:38,CLR-1029,1,3,P3,TAKE,CONSUMER,-110.85,1,0.942,False
EVT-000618,CART-3F21A822,2026-06-18T20:23:56,CLR-1029,1,2,P2,TAKE,CONSUMER,-198.71,1,0.967,False
EVT-000653,STOCKER-01,2026-06-19T07:00:00,CLR-1029,1,1,P1,PLACE,STOCKER,1842.5,8,0.99,False
EVT-000666,STOCKER-01,2026-06-19T07:00:00,CLR-1029,1,3,P3,PLACE,STOCKER,885.62,8,0.99,False
EVT-000671,STOCKER-01,2026-06-19T07:00:00,CLR-1029,2,1,P5,PLACE,STOCKER,760.3,8,0.99,False
EVT-000687,STOCKER-01,2026-06-19T07:00:00,CLR-1029,2,2,P6,PLACE,STOCKER,1233.54,8,0.99,False
EVT-000690,STOCKER-01,2026-06-19T07:00:00,CLR-1029,2,3,P7,PLACE,STOCKER,1831.7,8,0.99,False
EVT-000693,STOCKER-01,2026-06-19T07:00:00,CLR-1029,2,4,P8,PLACE,STOCKER,2087.09,8,0.99,False
EVT-000663,STOCKER-01,2026-06-19T07:10:00,CLR-1029,1,2,P2,PLACE,STOCKER,4299.32,22,0.99,False
EVT-000691,CART-735EC705,2026-06-19T08:38:51,CLR-1029,2,4,P8,TAKE,CONSUMER,-255.88,1,0.942,False
EVT-000655,CART-B5DDE5C2,2026-06-19T08:40:52,CLR-1029,1,2,P2,TAKE,CONSUMER,-196.79,1,0.989,False
EVT-000659,CART-F48D34F6,2026-06-19T09:04:11,CLR-1029,1,2,P2,TAKE,CONSUMER,-195.18,1,0.903,False
EVT-000684,CART-58DAD113,2026-06-19T09:05:02,CLR-1029,2,2,P6,TAKE,CONSUMER,-153.47,1,0.84,False
EVT-000685,CART-58DAD113,2026-06-19T09:05:32,CLR-1029,2,2,P6,RETURN,CONSUMER,157.28,1,0.9,False
EVT-000692,CART-3AA53497,2026-06-19T09:29:01,CLR-1029,2,4,P8,TAKE,CONSUMER,-257.56,1,0.922,False
EVT-000658,CART-89AD36D1,2026-06-19T09:33:20,CLR-1029,1,2,P2,TAKE,CONSUMER,-198.47,1,0.892,False
EVT-000664,CART-DF7A2B17,2026-06-19T09:41:36,CLR-1029,1,3,P3,TAKE,CONSUMER,-115.91,1,0.895,False
EVT-000665,CART-8347C534,2026-06-19T11:06:34,CLR-1029,1,3,P3,TAKE,CONSUMER,-110.8,1,0.979,False
EVT-000661,CART-BE989B0D,2026-06-19T11:22:08,CLR-1029,1,2,P2,TAKE,CONSUMER,-196.84,1,0.951,False
EVT-000682,CART-EC65D493,2026-06-19T11:27:43,CLR-1029,2,2,P6,TAKE,CONSUMER,-156.47,1,0.764,False
EVT-000683,CART-EC65D493,2026-06-19T11:28:06,CLR-1029,2,2,P6,RETURN,CONSUMER,150.89,1,0.9,False
EVT-000689,CART-64514A95,2026-06-19T11:39:23,CLR-1029,2,3,UNKNOWN,TAKE,CONSUMER,-222.13,1,0.343,True
EVT-000674,CART-2200DA7E,2026-06-19T12:35:34,CLR-1029,2,2,P6,TAKE,CONSUMER,-151.41,1,0.762,False
EVT-000675,CART-2200DA7E,2026-06-19T12:35:52,CLR-1029,2,2,P6,RETURN,CONSUMER,150.21,1,0.9,False
EVT-000669,CART-1F0477CD,2026-06-19T12:41:42,CLR-1029,2,1,P5,TAKE,CONSUMER,-95.33,1,0.905,False
EVT-000651,CART-F3F2B057,2026-06-19T13:50:19,CLR-1029,1,1,P1,TAKE,CONSUMER,-233.78,1,0.921,False
EVT-000667,CART-8FB1A4F6,2026-06-19T13:59:47,CLR-1029,2,1,P5,TAKE,CONSUMER,-93.92,1,0.959,False
EVT-000662,CART-76EDE591,2026-06-19T14:20:52,CLR-1029,1,2,P2,TAKE,CONSUMER,-203.68,1,0.985,False
EVT-000680,CART-C1459E21,2026-06-19T14:37:11,CLR-1029,2,2,P6,TAKE,CONSUMER,-150.46,1,0.773,False
EVT-000681,CART-C1459E21,2026-06-19T14:37:39,CLR-1029,2,2,P6,RETURN,CONSUMER,151.53,1,0.9,False
EVT-000686,CART-A7615931,2026-06-19T14:59:33,CLR-1029,2,2,P6,TAKE,CONSUMER,-154.08,1,0.897,False
EVT-000678,CART-F45474AB,2026-06-19T16:03:27,CLR-1029,2,2,P6,TAKE,CONSUMER,-149.33,1,0.9,False
EVT-000679,CART-F45474AB,2026-06-19T16:03:53,CLR-1029,2,2,P6,RETURN,CONSUMER,153.55,1,0.9,False
EVT-000670,CART-2300F965,2026-06-19T16:29:23,CLR-1029,2,1,P5,TAKE,CONSUMER,-96.71,1,0.848,False
EVT-000672,CART-2D94BCE3,2026-06-19T16:30:17,CLR-1029,2,2,P6,TAKE,CONSUMER,-152.48,1,0.94,False
EVT-000673,CART-2D94BCE3,2026-06-19T16:30:37,CLR-1029,2,2,P6,RETURN,CONSUMER,149.57,1,0.9,False
EVT-000668,CART-3ED386EC,2026-06-19T16:40:16,CLR-1029,2,1,P5,TAKE,CONSUMER,-93.36,1,0.856,False
EVT-000656,CART-6674C9A3,2026-06-19T17:06:06,CLR-1029,1,2,P2,TAKE,CONSUMER,-195.21,1,0.917,False
EVT-000660,CART-B9D7B226,2026-06-19T17:25:38,CLR-1029,1,2,P2,TAKE,CONSUMER,-204.93,1,0.895,False
EVT-000652,CART-12704A1E,2026-06-19T18:13:55,CLR-1029,1,1,P1,TAKE,CONSUMER,-238.19,1,0.963,False
EVT-000688,CART-0EBF274C,2026-06-19T18:18:10,CLR-1029,2,3,P7,TAKE,CONSUMER,-223.17,1,0.83,False
EVT-000676,CART-A925DC9D,2026-06-19T19:38:07,CLR-1029,2,2,P6,TAKE,CONSUMER,-153.92,1,0.796,False
EVT-000677,CART-A925DC9D,2026-06-19T19:38:14,CLR-1029,2,2,P6,RETURN,CONSUMER,155.56,1,0.9,False
EVT-000657,CART-FC446B99,2026-06-19T20:18:37,CLR-1029,1,2,P2,TAKE,CONSUMER,-204.23,1,0.888,False
EVT-000654,CART-6975EC56,2026-06-19T20:41:29,CLR-1029,1,2,P2,TAKE,CONSUMER,-199.99,1,0.978,False
EVT-000701,CART-DF1B054E,2026-06-20T08:48:11,CLR-1029,1,2,P2,TAKE,CONSUMER,-198.26,1,0.986,False
EVT-000696,CART-969ECAA5,2026-06-20T09:19:55,CLR-1029,1,1,P1,TAKE,CONSUMER,-229.15,1,0.961,False
EVT-000707,CART-7D4181CD,2026-06-20T09:30:46,CLR-1029,1,2,P2,TAKE,CONSUMER,-202.23,1,0.921,False
EVT-000694,CART-6A6B7842,2026-06-20T09:34:51,CLR-1029,1,1,P1,TAKE,CONSUMER,-234.6,1,0.915,False
EVT-000722,CART-CD988F2F,2026-06-20T10:53:15,CLR-1029,2,4,P8,TAKE,CONSUMER,-251.51,1,0.944,False
EVT-000712,CART-CF3768F1,2026-06-20T10:56:35,CLR-1029,2,1,P5,TAKE,CONSUMER,-91.57,1,0.907,False
EVT-000703,CART-ADF9413C,2026-06-20T11:04:15,CLR-1029,1,2,P2,TAKE,CONSUMER,-202.89,1,0.89,False
EVT-000702,CART-24C83393,2026-06-20T11:21:21,CLR-1029,1,2,P2,TAKE,CONSUMER,-194.82,1,0.987,False
EVT-000721,CART-DB3D6C6A,2026-06-20T11:32:46,CLR-1029,2,4,P8,TAKE,CONSUMER,-260.21,1,0.828,False
EVT-000698,CART-66C4B781,2026-06-20T12:55:50,CLR-1029,1,2,P2,TAKE,CONSUMER,-197.86,1,0.871,False
EVT-000708,CART-FFFB5E87,2026-06-20T13:02:20,CLR-1029,1,2,P2,TAKE,CONSUMER,-200.96,1,0.866,False
EVT-000709,CART-9A2B2B62,2026-06-20T13:17:02,CLR-1029,1,2,P2,TAKE,CONSUMER,-196.31,1,0.987,False
EVT-000710,CART-F141F4B7,2026-06-20T14:18:32,CLR-1029,1,2,P2,TAKE,CONSUMER,-204.42,1,0.935,False
EVT-000705,CART-F9322845,2026-06-20T15:00:48,CLR-1029,1,2,P2,TAKE,CONSUMER,-204.49,1,0.947,False
EVT-000704,CART-0F04FF17,2026-06-20T15:06:53,CLR-1029,1,2,P2,TAKE,CONSUMER,-195.87,1,0.862,False
EVT-000717,CART-243B0AAE,2026-06-20T15:57:22,CLR-1029,2,2,P6,TAKE,CONSUMER,-154.37,1,0.863,False
EVT-000718,CART-243B0AAE,2026-06-20T15:58:04,CLR-1029,2,2,P6,RETURN,CONSUMER,155.32,1,0.9,False
EVT-000697,CART-8630A6AC,2026-06-20T16:43:08,CLR-1029,1,2,P2,TAKE,CONSUMER,-201.75,1,0.984,False
EVT-000706,CART-4C1836EC,2026-06-20T17:01:08,CLR-1029,1,2,P2,TAKE,CONSUMER,-205.28,1,0.914,False
EVT-000699,CART-3823BD84,2026-06-20T17:11:13,CLR-1029,1,2,P2,TAKE,CONSUMER,-198.39,1,0.871,False
EVT-000713,CART-3C38A55A,2026-06-20T17:46:56,CLR-1029,2,1,P5,TAKE,CONSUMER,-93.65,1,0.84,False
EVT-000711,CART-BF70E030,2026-06-20T17:47:43,CLR-1029,2,1,P5,TAKE,CONSUMER,-95.69,1,0.968,False
EVT-000715,CART-D39352FA,2026-06-20T19:48:13,CLR-1029,2,2,P6,TAKE,CONSUMER,-150.12,1,0.882,False
EVT-000716,CART-D39352FA,2026-06-20T19:48:47,CLR-1029,2,2,P6,RETURN,CONSUMER,148.52,1,0.9,False
EVT-000714,CART-6DCEA540,2026-06-20T19:55:06,CLR-1029,2,1,P5,TAKE,CONSUMER,-95.28,1,0.825,False
EVT-000695,CART-5E73D90B,2026-06-20T20:32:14,CLR-1029,1,1,P1,TAKE,CONSUMER,-238.29,1,0.93,False
EVT-000719,CART-2A9D0493,2026-06-20T20:34:55,CLR-1029,2,2,P6,TAKE,CONSUMER,-151.63,1,0.848,False
EVT-000720,CART-2A9D0493,2026-06-20T20:35:17,CLR-1029,2,2,P6,RETURN,CONSUMER,156.05,1,0.9,False
EVT-000700,CART-2C3354BB,2026-06-20T20:56:22,CLR-1029,1,2,P2,TAKE,CONSUMER,-204.68,1,0.895,False
EVT-000736,STOCKER-01,2026-06-21T07:10:00,CLR-1029,1,2,P2,PLACE,STOCKER,4269.3,22,0.99,False
EVT-000743,CART-06A61B31,2026-06-21T08:15:36,CLR-1029,2,2,P6,TAKE,CONSUMER,-149.38,1,0.844,False
EVT-000744,CART-06A61B31,2026-06-21T08:16:04,CLR-1029,2,2,P6,RETURN,CONSUMER,157.39,1,0.9,False
EVT-000737,CART-51D71A45,2026-06-21T08:49:49,CLR-1029,2,1,P5,TAKE,CONSUMER,-92.14,1,0.94,False
EVT-000733,CART-419F7F0C,2026-06-21T09:09:01,CLR-1029,1,2,P2,TAKE,CONSUMER,-200.5,1,0.956,False
EVT-000724,CART-273EDD52,2026-06-21T09:10:21,CLR-1029,1,2,P2,TAKE,CONSUMER,-202.37,1,0.878,False
EVT-000751,CART-B8EE05B0,2026-06-21T09:33:01,CLR-1029,2,2,P6,TAKE,CONSUMER,-151.89,1,0.953,False
EVT-000752,CART-B8EE05B0,2026-06-21T09:33:08,CLR-1029,2,2,P6,RETURN,CONSUMER,152.88,1,0.9,False
EVT-000727,CART-A5FAFF82,2026-06-21T09:41:18,CLR-1029,1,2,P2,TAKE,CONSUMER,-200.5,1,0.896,False
EVT-000731,CART-D5A18DAF,2026-06-21T10:03:49,CLR-1029,1,2,P2,TAKE,CONSUMER,-200.36,1,0.895,False
EVT-000725,CART-AF4C4DE9,2026-06-21T10:10:22,CLR-1029,1,2,P2,TAKE,CONSUMER,-197.32,1,0.921,False
EVT-000749,CART-95FE726F,2026-06-21T10:26:08,CLR-1029,2,2,P6,TAKE,CONSUMER,-156.53,1,0.787,False
EVT-000750,CART-95FE726F,2026-06-21T10:26:19,CLR-1029,2,2,P6,RETURN,CONSUMER,155.67,1,0.9,False
EVT-000732,CART-2517CACC,2026-06-21T12:28:34,CLR-1029,1,2,P2,TAKE,CONSUMER,-202.58,1,0.947,False
EVT-000762,CART-786A0866,2026-06-21T12:57:23,CLR-1029,2,3,UNKNOWN,TAKE,CONSUMER,-231.79,1,0.319,True
EVT-000730,CART-FD367FF0,2026-06-21T13:38:16,CLR-1029,1,2,P2,TAKE,CONSUMER,-194.8,1,0.879,False
EVT-000757,CART-2290B26B,2026-06-21T14:11:07,CLR-1029,2,2,P6,TAKE,CONSUMER,-156.06,1,0.843,False
EVT-000758,CART-2290B26B,2026-06-21T14:11:47,CLR-1029,2,2,P6,RETURN,CONSUMER,152.16,1,0.9,False
EVT-000741,CART-22991DDF,2026-06-21T14:46:32,CLR-1029,2,1,P5,TAKE,CONSUMER,-94.19,1,0.979,False
EVT-000742,CART-22991DDF,2026-06-21T14:46:49,CLR-1029,2,1,P5,RETURN,CONSUMER,95.62,1,0.95,False
EVT-000726,CART-D7159615,2026-06-21T14:48:40,CLR-1029,1,2,P2,TAKE,CONSUMER,-194.6,1,0.875,False
EVT-000735,CART-498F2A92,2026-06-21T15:09:19,CLR-1029,1,2,P2,TAKE,CONSUMER,-194.03,1,0.879,False
EVT-000745,CART-60A8B011,2026-06-21T15:13:43,CLR-1029,2,2,P6,TAKE,CONSUMER,-153.74,1,0.803,False
EVT-000746,CART-60A8B011,2026-06-21T15:13:54,CLR-1029,2,2,P6,RETURN,CONSUMER,151.71,1,0.9,False
EVT-000747,CART-1D628F86,2026-06-21T16:40:24,CLR-1029,2,2,P6,TAKE,CONSUMER,-150.77,1,0.876,False
EVT-000748,CART-1D628F86,2026-06-21T16:41:00,CLR-1029,2,2,P6,RETURN,CONSUMER,149.58,1,0.9,False
EVT-000759,CART-66781A89,2026-06-21T17:09:20,CLR-1029,2,2,P6,TAKE,CONSUMER,-153.13,1,0.884,False
EVT-000760,CART-66781A89,2026-06-21T17:10:04,CLR-1029,2,2,P6,RETURN,CONSUMER,152.9,1,0.9,False
EVT-000753,CART-D80DAFCD,2026-06-21T17:51:29,CLR-1029,2,2,P6,TAKE,CONSUMER,-154.7,1,0.768,False
EVT-000754,CART-D80DAFCD,2026-06-21T17:51:43,CLR-1029,2,2,P6,RETURN,CONSUMER,154.7,1,0.9,False
EVT-000723,CART-3117F8D0,2026-06-21T17:55:42,CLR-1029,1,1,P1,TAKE,CONSUMER,-236.9,1,0.95,False
EVT-000761,CART-D997341B,2026-06-21T18:40:19,CLR-1029,2,3,P7,TAKE,CONSUMER,-222.76,1,0.812,False
EVT-000764,CART-877F8B74,2026-06-21T19:01:56,CLR-1029,2,4,P8,TAKE,CONSUMER,-250.23,1,0.864,False
EVT-000763,CART-22721C4E,2026-06-21T19:36:48,CLR-1029,2,3,UNKNOWN,TAKE,CONSUMER,-226.37,1,0.347,True
EVT-000728,CART-8E8E7F1E,2026-06-21T19:40:20,CLR-1029,1,2,P2,TAKE,CONSUMER,-205.07,1,0.921,False
EVT-000738,CART-A4764BE3,2026-06-21T20:01:09,CLR-1029,2,1,P5,TAKE,CONSUMER,-92.59,1,0.838,False
EVT-000739,CART-A4764BE3,2026-06-21T20:02:36,CLR-1029,2,1,P5,RETURN,CONSUMER,91.73,1,0.95,False
EVT-000729,CART-40A74C5F,2026-06-21T20:04:14,CLR-1029,1,2,P2,TAKE,CONSUMER,-204.2,1,0.983,False
EVT-000740,CART-62F91626,2026-06-21T20:09:45,CLR-1029,2,1,P5,TAKE,CONSUMER,-92.33,1,0.868,False
EVT-000734,CART-2FA6C9FD,2026-06-21T20:35:36,CLR-1029,1,2,P2,TAKE,CONSUMER,-204.51,1,0.966,False
EVT-000755,CART-71366B48,2026-06-21T20:40:07,CLR-1029,2,2,P6,TAKE,CONSUMER,-151.22,1,0.92,False
EVT-000756,CART-71366B48,2026-06-21T20:40:30,CLR-1029,2,2,P6,RETURN,CONSUMER,155.4,1,0.9,False
EVT-000778,CART-EA87A111,2026-06-22T08:16:05,CLR-1029,1,3,P3,TAKE,CONSUMER,-110.99,1,0.896,False
EVT-000789,CART-6EDB136D,2026-06-22T08:22:11,CLR-1029,2,3,P7,TAKE,CONSUMER,-228.23,1,0.827,False
EVT-000766,CART-0586B09E,2026-06-22T09:27:08,CLR-1029,1,2,P2,TAKE,CONSUMER,-201.0,1,0.856,False
EVT-000794,CART-3F9E29AE,2026-06-22T09:46:06,CLR-1029,2,4,P8,TAKE,CONSUMER,-256.61,1,0.973,False
EVT-000795,CART-3F9E29AE,2026-06-22T09:46:57,CLR-1029,2,4,P8,RETURN,CONSUMER,263.31,1,0.95,False
EVT-000765,CART-BCA17630,2026-06-22T10:56:26,CLR-1029,1,1,P1,TAKE,CONSUMER,-235.46,1,0.879,False
EVT-000776,CART-065991EE,2026-06-22T11:14:19,CLR-1029,1,2,P2,TAKE,CONSUMER,-201.02,1,0.956,False
EVT-000769,CART-829CB4F2,2026-06-22T11:31:19,CLR-1029,1,2,P2,TAKE,CONSUMER,-203.47,1,0.943,False
EVT-000774,CART-D93391FC,2026-06-22T11:54:47,CLR-1029,1,2,P2,TAKE,CONSUMER,-198.67,1,0.91,False
EVT-000767,CART-9FA4EB63,2026-06-22T12:04:00,CLR-1029,1,2,P2,TAKE,CONSUMER,-202.16,1,0.908,False
EVT-000771,CART-3A0EFF84,2026-06-22T14:28:02,CLR-1029,1,2,P2,TAKE,CONSUMER,-201.91,1,0.856,False
EVT-000775,CART-97577F59,2026-06-22T15:11:20,CLR-1029,1,2,P2,TAKE,CONSUMER,-194.64,1,0.947,False
EVT-000785,CART-783239FF,2026-06-22T15:19:39,CLR-1029,2,2,P6,TAKE,CONSUMER,-155.96,1,0.895,False
EVT-000786,CART-783239FF,2026-06-22T15:20:15,CLR-1029,2,2,P6,RETURN,CONSUMER,150.72,1,0.9,False
EVT-000787,CART-7361255E,2026-06-22T15:35:40,CLR-1029,2,2,P6,TAKE,CONSUMER,-151.79,1,0.772,False
EVT-000788,CART-7361255E,2026-06-22T15:35:54,CLR-1029,2,2,P6,RETURN,CONSUMER,156.64,1,0.9,False
EVT-000768,CART-20B78316,2026-06-22T15:53:37,CLR-1029,1,2,P2,TAKE,CONSUMER,-197.43,1,0.962,False
EVT-000781,CART-91F5E167,2026-06-22T16:00:22,CLR-1029,2,2,P6,TAKE,CONSUMER,-154.76,1,0.93,False
EVT-000782,CART-91F5E167,2026-06-22T16:00:38,CLR-1029,2,2,P6,RETURN,CONSUMER,152.66,1,0.9,False
EVT-000792,CART-02FDAE1E,2026-06-22T18:28:35,CLR-1029,2,4,P8,TAKE,CONSUMER,-249.49,1,0.895,False
EVT-000793,CART-02FDAE1E,2026-06-22T18:29:09,CLR-1029,2,4,P8,RETURN,CONSUMER,258.4,1,0.95,False
EVT-000783,CART-6E39A0E9,2026-06-22T18:45:21,CLR-1029,2,2,P6,TAKE,CONSUMER,-154.33,1,0.798,False
EVT-000784,CART-6E39A0E9,2026-06-22T18:46:05,CLR-1029,2,2,P6,RETURN,CONSUMER,154.38,1,0.9,False
EVT-000772,CART-B6ABDE2F,2026-06-22T19:11:50,CLR-1029,1,2,P2,TAKE,CONSUMER,-201.3,1,0.884,False
EVT-000773,CART-E27B0E88,2026-06-22T19:14:36,CLR-1029,1,2,P2,TAKE,CONSUMER,-204.43,1,0.953,False
EVT-000777,CART-208F26D2,2026-06-22T19:43:01,CLR-1029,1,3,P3,TAKE,CONSUMER,-114.36,1,0.927,False
EVT-000791,CART-ECABABD3,2026-06-22T19:55:40,CLR-1029,2,3,UNKNOWN,TAKE,CONSUMER,-228.13,1,0.326,True
EVT-000790,CART-91416577,2026-06-22T20:24:21,CLR-1029,2,3,P7,TAKE,CONSUMER,-225.15,1,0.911,False
EVT-000796,CART-79331EBF,2026-06-22T20:30:50,CLR-1029,2,4,P8,TAKE,CONSUMER,-252.73,1,0.888,False
EVT-000779,CART-77028906,2026-06-22T20:44:25,CLR-1029,2,2,P6,TAKE,CONSUMER,-157.23,1,0.85,False
EVT-000780,CART-77028906,2026-06-22T20:44:31,CLR-1029,2,2,P6,RETURN,CONSUMER,154.25,1,0.9,False
EVT-000770,CART-E4CE81DC,2026-06-22T20:59:33,CLR-1029,1,2,P2,TAKE,CONSUMER,-195.11,1,0.909,False
EVT-000813,STOCKER-01,2026-06-23T07:10:00,CLR-1029,1,2,P2,PLACE,STOCKER,4430.37,22,0.99,False
EVT-000799,CART-8972FC85,2026-06-23T08:37:09,CLR-1029,1,2,P2,TAKE,CONSUMER,-199.81,1,0.958,False
EVT-000805,CART-2E9C5538,2026-06-23T08:47:43,CLR-1029,1,2,P2,TAKE,CONSUMER,-194.17,1,0.916,False
EVT-000829,CART-AA2FFA96,2026-06-23T08:55:54,CLR-1029,2,3,UNKNOWN,TAKE,CONSUMER,-229.65,1,0.323,True
EVT-000801,CART-453CCF36,2026-06-23T09:15:42,CLR-1029,1,2,P2,TAKE,CONSUMER,-199.83,1,0.934,False
EVT-000823,CART-82E37057,2026-06-23T09:32:54,CLR-1029,2,2,P6,TAKE,CONSUMER,-148.95,1,0.836,False
EVT-000824,CART-82E37057,2026-06-23T09:33:06,CLR-1029,2,2,P6,RETURN,CONSUMER,155.0,1,0.9,False
EVT-000825,CART-5B6352F1,2026-06-23T10:09:08,CLR-1029,2,2,P6,TAKE,CONSUMER,-152.18,1,0.912,False
EVT-000826,CART-5B6352F1,2026-06-23T10:09:38,CLR-1029,2,2,P6,RETURN,CONSUMER,152.96,1,0.9,False
EVT-000808,CART-77581069,2026-06-23T10:23:42,CLR-1029,1,2,P2,TAKE,CONSUMER,-193.92,1,0.874,False
EVT-000812,CART-2432DBFC,2026-06-23T10:38:59,CLR-1029,1,2,P2,TAKE,CONSUMER,-195.04,1,0.922,False
EVT-000830,CART-EA9295B5,2026-06-23T11:11:07,CLR-1029,2,3,UNKNOWN,TAKE,CONSUMER,-232.4,1,0.396,True
EVT-000819,CART-1865789E,2026-06-23T11:14:50,CLR-1029,2,2,P6,TAKE,CONSUMER,-151.52,1,0.935,False
EVT-000820,CART-1865789E,2026-06-23T11:15:20,CLR-1029,2,2,P6,RETURN,CONSUMER,149.58,1,0.9,False
EVT-000832,CART-359AF91D,2026-06-23T11:23:03,CLR-1029,2,4,P8,TAKE,CONSUMER,-264.44,1,0.838,False
EVT-000806,CART-FFF8F0C7,2026-06-23T11:55:45,CLR-1029,1,2,P2,TAKE,CONSUMER,-197.47,1,0.966,False
EVT-000816,CART-578ADABF,2026-06-23T12:25:46,CLR-1029,2,1,P5,TAKE,CONSUMER,-95.14,1,0.955,False
EVT-000802,CART-61F833EE,2026-06-23T13:21:19,CLR-1029,1,2,P2,TAKE,CONSUMER,-198.24,1,0.938,False
EVT-000817,CART-D3A7FA04,2026-06-23T13:22:50,CLR-1029,2,1,P5,TAKE,CONSUMER,-92.8,1,0.834,False
EVT-000803,CART-545012AE,2026-06-23T13:39:39,CLR-1029,1,2,P2,TAKE,CONSUMER,-197.24,1,0.956,False
EVT-000815,CART-E487138F,2026-06-23T14:20:25,CLR-1029,2,1,P5,TAKE,CONSUMER,-96.27,1,0.831,False
EVT-000807,CART-033AABE6,2026-06-23T15:28:05,CLR-1029,1,2,P2,TAKE,CONSUMER,-197.42,1,0.947,False
EVT-000814,CART-6B575D7D,2026-06-23T15:45:42,CLR-1029,2,1,P5,TAKE,CONSUMER,-92.13,1,0.853,False
EVT-000818,CART-5A5A25D1,2026-06-23T16:05:58,CLR-1029,2,1,P5,TAKE,CONSUMER,-94.26,1,0.954,False
EVT-000827,CART-D59C7323,2026-06-23T17:58:41,CLR-1029,2,2,P6,TAKE,CONSUMER,-154.08,1,0.923,False
EVT-000828,CART-D59C7323,2026-06-23T17:58:59,CLR-1029,2,2,P6,RETURN,CONSUMER,155.5,1,0.9,False
EVT-000800,CART-60FBB414,2026-06-23T18:11:31,CLR-1029,1,2,P2,TAKE,CONSUMER,-203.03,1,0.931,False
EVT-000811,CART-C01E04C9,2026-06-23T18:31:57,CLR-1029,1,2,P2,TAKE,CONSUMER,-204.78,1,0.974,False
EVT-000810,CART-4AEC9C6A,2026-06-23T18:36:06,CLR-1029,1,2,P2,TAKE,CONSUMER,-195.31,1,0.89,False
EVT-000821,CART-7B76A0CB,2026-06-23T19:18:00,CLR-1029,2,2,P6,TAKE,CONSUMER,-150.57,1,0.83,False
EVT-000822,CART-7B76A0CB,2026-06-23T19:18:31,CLR-1029,2,2,P6,RETURN,CONSUMER,154.97,1,0.9,False
EVT-000797,CART-6B40853F,2026-06-23T19:46:43,CLR-1029,1,1,P1,TAKE,CONSUMER,-233.58,1,0.914,False
EVT-000809,CART-E4B35DE4,2026-06-23T19:52:06,CLR-1029,1,2,P2,TAKE,CONSUMER,-199.3,1,0.912,False
EVT-000831,CART-1441CBE1,2026-06-23T20:04:29,CLR-1029,2,3,P7,TAKE,CONSUMER,-227.63,1,0.927,False
EVT-000798,CART-1700DB74,2026-06-23T20:33:10,CLR-1029,1,1,P1,TAKE,CONSUMER,-234.79,1,0.832,False
EVT-000804,CART-1242B90F,2026-06-23T20:54:21,CLR-1029,1,2,P2,TAKE,CONSUMER,-202.8,1,0.985,False
EVT-000854,CART-5AE9619E,2026-06-24T08:16:25,CLR-1029,2,2,P6,TAKE,CONSUMER,-152.33,1,0.956,False
EVT-000855,CART-5AE9619E,2026-06-24T08:16:50,CLR-1029,2,2,P6,RETURN,CONSUMER,154.95,1,0.9,False
EVT-000840,CART-84697A12,2026-06-24T10:02:45,CLR-1029,1,2,P2,TAKE,CONSUMER,-194.24,1,0.871,False
EVT-000838,CART-08F4C61F,2026-06-24T12:23:48,CLR-1029,1,2,P2,TAKE,CONSUMER,-202.85,1,0.886,False
EVT-000852,CART-D816DD75,2026-06-24T12:28:35,CLR-1029,2,2,P6,TAKE,CONSUMER,-155.05,1,0.776,False
EVT-000853,CART-D816DD75,2026-06-24T12:28:53,CLR-1029,2,2,P6,RETURN,CONSUMER,150.37,1,0.9,False
EVT-000846,CART-35BCA1AA,2026-06-24T13:36:56,CLR-1029,2,1,P5,TAKE,CONSUMER,-93.49,1,0.962,False
EVT-000834,CART-D0EDAFED,2026-06-24T13:42:03,CLR-1029,1,1,P1,TAKE,CONSUMER,-232.46,1,0.834,False
EVT-000845,CART-B1837BA2,2026-06-24T13:45:19,CLR-1029,1,3,P3,TAKE,CONSUMER,-115.2,1,0.845,False
EVT-000844,CART-7FC97FC9,2026-06-24T13:46:12,CLR-1029,1,3,P3,TAKE,CONSUMER,-115.19,1,0.837,False
EVT-000849,CART-C88F5731,2026-06-24T13:57:17,CLR-1029,2,2,P6,TAKE,CONSUMER,-154.59,1,0.868,False
EVT-000850,CART-C88F5731,2026-06-24T13:57:43,CLR-1029,2,2,P6,RETURN,CONSUMER,153.61,1,0.9,False
EVT-000843,CART-2BEB1D0C,2026-06-24T14:08:51,CLR-1029,1,3,P3,TAKE,CONSUMER,-114.53,1,0.941,False
EVT-000833,CART-3B7C466F,2026-06-24T15:25:52,CLR-1029,1,1,P1,TAKE,CONSUMER,-234.0,1,0.917,False
EVT-000837,CART-15CFC91E,2026-06-24T16:10:27,CLR-1029,1,2,P2,TAKE,CONSUMER,-198.98,1,0.969,False
EVT-000857,CART-3B85BF41,2026-06-24T16:15:01,CLR-1029,2,4,P8,TAKE,CONSUMER,-255.62,1,0.881,False
EVT-000851,CART-F74BCC36,2026-06-24T16:37:22,CLR-1029,2,2,P6,TAKE,CONSUMER,-148.69,1,0.825,False
EVT-000836,CART-C3D6D35E,2026-06-24T17:18:42,CLR-1029,1,2,P2,TAKE,CONSUMER,-205.16,1,0.859,False
EVT-000841,CART-155E7F5E,2026-06-24T18:06:40,CLR-1029,1,2,P2,TAKE,CONSUMER,-203.36,1,0.966,False
EVT-000847,CART-8F3DCE8B,2026-06-24T18:09:26,CLR-1029,2,2,P6,TAKE,CONSUMER,-151.69,1,0.76,False
EVT-000848,CART-8F3DCE8B,2026-06-24T18:10:11,CLR-1029,2,2,P6,RETURN,CONSUMER,155.25,1,0.9,False
EVT-000856,CART-437BF167,2026-06-24T19:11:34,CLR-1029,2,4,P8,TAKE,CONSUMER,-261.1,1,0.827,False
EVT-000835,CART-DE9E6C15,2026-06-24T19:24:07,CLR-1029,1,1,P1,TAKE,CONSUMER,-229.77,1,0.889,False
EVT-000839,CART-B3DBEEDC,2026-06-24T19:25:12,CLR-1029,1,2,P2,TAKE,CONSUMER,-199.96,1,0.877,False
EVT-000842,CART-E07FFF10,2026-06-24T20:21:03,CLR-1029,1,2,P2,TAKE,CONSUMER,-196.1,1,0.981,False
EVT-000865,STOCKER-01,2026-06-25T07:00:00,CLR-1029,1,1,P1,PLACE,STOCKER,1814.22,8,0.99,False
EVT-000878,STOCKER-01,2026-06-25T07:00:00,CLR-1029,1,3,P3,PLACE,STOCKER,900.45,8,0.99,False
EVT-000882,STOCKER-01,2026-06-25T07:00:00,CLR-1029,2,1,P5,PLACE,STOCKER,764.94,8,0.99,False
EVT-000888,STOCKER-01,2026-06-25T07:00:00,CLR-1029,2,2,P6,PLACE,STOCKER,1257.13,8,0.99,False
EVT-000892,STOCKER-01,2026-06-25T07:00:00,CLR-1029,2,3,P7,PLACE,STOCKER,1826.63,8,0.99,False
EVT-000894,STOCKER-01,2026-06-25T07:00:00,CLR-1029,2,4,P8,PLACE,STOCKER,2016.75,8,0.99,False
EVT-000873,STOCKER-01,2026-06-25T07:10:00,CLR-1029,1,2,P2,PLACE,STOCKER,4437.35,22,0.99,False
EVT-000869,CART-DFDA7EBD,2026-06-25T08:00:59,CLR-1029,1,2,P2,TAKE,CONSUMER,-205.06,1,0.918,False
EVT-000877,CART-3C9D4896,2026-06-25T08:04:27,CLR-1029,1,3,P3,TAKE,CONSUMER,-116.11,1,0.983,False
EVT-000879,CART-B2A18E5B,2026-06-25T08:07:02,CLR-1029,2,1,P5,TAKE,CONSUMER,-95.48,1,0.862,False
EVT-000871,CART-67B12B34,2026-06-25T08:51:45,CLR-1029,1,2,P2,TAKE,CONSUMER,-200.25,1,0.909,False
EVT-000889,CART-B0EEEAB0,2026-06-25T09:34:34,CLR-1029,2,3,UNKNOWN,TAKE,CONSUMER,-227.13,1,0.306,True
EVT-000887,CART-057E1D90,2026-06-25T09:53:57,CLR-1029,2,2,P6,TAKE,CONSUMER,-153.23,1,0.932,False
EVT-000891,CART-58E2DC85,2026-06-25T10:16:53,CLR-1029,2,3,UNKNOWN,TAKE,CONSUMER,-227.84,1,0.497,True
EVT-000874,CART-1A7B1FA3,2026-06-25T10:34:11,CLR-1029,1,3,P3,TAKE,CONSUMER,-116.05,1,0.961,False
EVT-000893,CART-6748E704,2026-06-25T11:03:06,CLR-1029,2,4,P8,TAKE,CONSUMER,-262.0,1,0.896,False
EVT-000867,CART-DF7E8360,2026-06-25T11:16:21,CLR-1029,1,2,P2,TAKE,CONSUMER,-193.66,1,0.914,False
EVT-000885,CART-8DEE0451,2026-06-25T11:41:19,CLR-1029,2,2,P6,TAKE,CONSUMER,-150.39,1,0.751,False
EVT-000886,CART-8DEE0451,2026-06-25T11:41:59,CLR-1029,2,2,P6,RETURN,CONSUMER,149.76,1,0.9,False
EVT-000883,CART-E059A5A3,2026-06-25T12:03:47,CLR-1029,2,2,P6,TAKE,CONSUMER,-151.24,1,0.831,False
EVT-000884,CART-E059A5A3,2026-06-25T12:04:24,CLR-1029,2,2,P6,RETURN,CONSUMER,151.37,1,0.9,False
EVT-000861,CART-5DF76CB0,2026-06-25T12:08:04,CLR-1029,1,1,P1,TAKE,CONSUMER,-232.81,1,0.833,False
EVT-000862,CART-5DF76CB0,2026-06-25T12:08:09,CLR-1029,1,1,P1,RETURN,CONSUMER,235.96,1,0.95,False
EVT-000870,CART-43CB8972,2026-06-25T12:32:31,CLR-1029,1,2,P2,TAKE,CONSUMER,-193.9,1,0.864,False
EVT-000876,CART-A2448FDE,2026-06-25T13:20:15,CLR-1029,1,3,P3,TAKE,CONSUMER,-109.86,1,0.863,False
EVT-000890,CART-4629DDC5,2026-06-25T13:49:41,CLR-1029,2,3,UNKNOWN,TAKE,CONSUMER,-227.54,1,0.302,True
EVT-000864,CART-12A638CB,2026-06-25T14:15:36,CLR-1029,1,1,P1,TAKE,CONSUMER,-231.59,1,0.906,False
EVT-000866,CART-694F5519,2026-06-25T14:54:21,CLR-1029,1,2,P2,TAKE,CONSUMER,-201.31,1,0.977,False
EVT-000880,CART-8C4CD588,2026-06-25T15:10:35,CLR-1029,2,1,P5,TAKE,CONSUMER,-96.19,1,0.844,False
EVT-000858,CART-41DB44EC,2026-06-25T17:03:49,CLR-1029,1,1,P1,TAKE,CONSUMER,-231.45,1,0.971,False
EVT-000868,CART-D3711FEF,2026-06-25T17:10:58,CLR-1029,1,2,P2,TAKE,CONSUMER,-194.63,1,0.983,False
EVT-000872,CART-811F60B8,2026-06-25T17:59:43,CLR-1029,1,2,P2,TAKE,CONSUMER,-195.65,1,0.967,False
EVT-000875,CART-6B7B29B2,2026-06-25T18:25:18,CLR-1029,1,3,P3,TAKE,CONSUMER,-110.04,1,0.891,False
EVT-000863,CART-0AE16227,2026-06-25T19:27:25,CLR-1029,1,1,P1,TAKE,CONSUMER,-228.06,1,0.928,False
EVT-000860,CART-A0577EFF,2026-06-25T19:40:43,CLR-1029,1,1,P1,TAKE,CONSUMER,-233.74,1,0.886,False
EVT-000881,CART-CA564C7E,2026-06-25T20:41:55,CLR-1029,2,1,P5,TAKE,CONSUMER,-91.26,1,0.834,False
EVT-000859,CART-2C03A4DA,2026-06-25T20:42:28,CLR-1029,1,1,P1,TAKE,CONSUMER,-230.71,1,0.828,False
EVT-000918,CART-93490568,2026-06-26T08:58:03,CLR-1029,2,4,P8,TAKE,CONSUMER,-257.39,1,0.881,False
EVT-000909,CART-09BE8847,2026-06-26T09:05:26,CLR-1029,2,2,P6,TAKE,CONSUMER,-155.5,1,0.918,False
EVT-000910,CART-09BE8847,2026-06-26T09:06:01,CLR-1029,2,2,P6,RETURN,CONSUMER,154.69,1,0.9,False
EVT-000902,CART-FBE9E74A,2026-06-26T09:06:24,CLR-1029,1,2,P2,TAKE,CONSUMER,-198.39,1,0.898,False
EVT-000896,CART-EAF64CE6,2026-06-26T09:37:09,CLR-1029,1,1,P1,TAKE,CONSUMER,-238.51,1,0.969,False
EVT-000897,CART-2357BD85,2026-06-26T11:20:46,CLR-1029,1,2,P2,TAKE,CONSUMER,-198.9,1,0.925,False
EVT-000903,CART-85A99CF5,2026-06-26T11:44:50,CLR-1029,1,2,P2,TAKE,CONSUMER,-199.61,1,0.87,False
EVT-000919,CART-75CED25C,2026-06-26T12:15:41,CLR-1029,2,4,P8,TAKE,CONSUMER,-262.14,1,0.883,False
EVT-000895,CART-CCB2D6F1,2026-06-26T12:35:51,CLR-1029,1,1,P1,TAKE,CONSUMER,-237.73,1,0.885,False
EVT-000911,CART-12226624,2026-06-26T13:45:17,CLR-1029,2,2,P6,TAKE,CONSUMER,-153.2,1,0.857,False
EVT-000912,CART-12226624,2026-06-26T13:45:51,CLR-1029,2,2,P6,RETURN,CONSUMER,149.94,1,0.9,False
EVT-000898,CART-61C7CCBE,2026-06-26T14:18:50,CLR-1029,1,2,P2,TAKE,CONSUMER,-197.42,1,0.851,False
EVT-000913,CART-9B665845,2026-06-26T14:26:22,CLR-1029,2,2,P6,TAKE,CONSUMER,-149.84,1,0.805,False
EVT-000914,CART-9B665845,2026-06-26T14:26:32,CLR-1029,2,2,P6,RETURN,CONSUMER,154.21,1,0.9,False
EVT-000915,CART-AE2BACB7,2026-06-26T14:45:52,CLR-1029,2,2,P6,TAKE,CONSUMER,-149.2,1,0.819,False
EVT-000916,CART-AE2BACB7,2026-06-26T14:46:04,CLR-1029,2,2,P6,RETURN,CONSUMER,156.43,1,0.9,False
EVT-000900,CART-232964D4,2026-06-26T14:47:11,CLR-1029,1,2,P2,TAKE,CONSUMER,-198.53,1,0.863,False
EVT-000905,CART-8946268E,2026-06-26T17:00:23,CLR-1029,1,3,P3,TAKE,CONSUMER,-114.01,1,0.982,False
EVT-000901,CART-48B8421C,2026-06-26T17:32:32,CLR-1029,1,2,P2,TAKE,CONSUMER,-205.21,1,0.868,False
EVT-000908,CART-64A644A5,2026-06-26T19:07:14,CLR-1029,2,1,P5,TAKE,CONSUMER,-95.1,1,0.908,False
EVT-000904,CART-68097982,2026-06-26T19:36:56,CLR-1029,1,2,P2,TAKE,CONSUMER,-197.51,1,0.918,False
EVT-000906,CART-657D7F73,2026-06-26T19:40:12,CLR-1029,1,3,P3,TAKE,CONSUMER,-110.12,1,0.973,False
EVT-000907,CART-657D7F73,2026-06-26T19:40:19,CLR-1029,1,3,P3,RETURN,CONSUMER,115.52,1,0.95,False
EVT-000917,CART-B8C68F97,2026-06-26T19:56:57,CLR-1029,2,3,UNKNOWN,TAKE,CONSUMER,-227.64,1,0.394,True
EVT-000899,CART-6F5FDC09,2026-06-26T20:37:45,CLR-1029,1,2,P2,TAKE,CONSUMER,-202.84,1,0.872,False
EVT-000933,STOCKER-01,2026-06-27T07:10:00,CLR-1029,1,2,P2,PLACE,STOCKER,4500.98,22,0.99,False
EVT-000925,CART-8F056073,2026-06-27T08:43:38,CLR-1029,1,2,P2,TAKE,CONSUMER,-202.67,1,0.917,False
EVT-000920,CART-92D00421,2026-06-27T09:19:10,CLR-1029,1,1,P1,TAKE,CONSUMER,-225.96,1,0.941,False
EVT-000928,CART-AAF0C61B,2026-06-27T09:43:22,CLR-1029,1,2,P2,TAKE,CONSUMER,-194.47,1,0.895,False
EVT-000951,CART-005F92A9,2026-06-27T09:53:10,CLR-1029,2,4,P8,TAKE,CONSUMER,-255.2,1,0.838,False
EVT-000940,CART-D5AD70AD,2026-06-27T10:12:32,CLR-1029,2,2,P6,TAKE,CONSUMER,-153.66,1,0.899,False
EVT-000941,CART-D5AD70AD,2026-06-27T10:12:42,CLR-1029,2,2,P6,RETURN,CONSUMER,156.09,1,0.9,False
EVT-000930,CART-751B92B6,2026-06-27T10:31:59,CLR-1029,1,2,P2,TAKE,CONSUMER,-204.54,1,0.904,False
EVT-000922,CART-3F7B3306,2026-06-27T10:33:56,CLR-1029,1,1,P1,TAKE,CONSUMER,-238.47,1,0.822,False
EVT-000923,CART-6AF5AAAA,2026-06-27T11:10:33,CLR-1029,1,1,P1,TAKE,CONSUMER,-229.06,1,0.908,False
EVT-000924,CART-55F4F94A,2026-06-27T11:35:32,CLR-1029,1,1,P1,TAKE,CONSUMER,-232.39,1,0.834,False
EVT-000936,CART-A58E8ED2,2026-06-27T11:51:16,CLR-1029,2,1,P5,TAKE,CONSUMER,-96.65,1,0.959,False
EVT-000946,CART-403A6058,2026-06-27T12:01:07,CLR-1029,2,2,P6,TAKE,CONSUMER,-150.79,1,0.884,False
EVT-000947,CART-403A6058,2026-06-27T12:01:22,CLR-1029,2,2,P6,RETURN,CONSUMER,150.57,1,0.9,False
EVT-000938,CART-F70C167C,2026-06-27T12:09:12,CLR-1029,2,1,P5,TAKE,CONSUMER,-95.39,1,0.879,False
EVT-000927,CART-C3B7046E,2026-06-27T12:47:20,CLR-1029,1,2,P2,TAKE,CONSUMER,-194.29,1,0.904,False
EVT-000939,CART-87C21FD2,2026-06-27T13:04:19,CLR-1029,2,1,P5,TAKE,CONSUMER,-94.75,1,0.903,False
EVT-000931,CART-76748F65,2026-06-27T13:54:14,CLR-1029,1,2,P2,TAKE,CONSUMER,-203.02,1,0.985,False
EVT-000952,CART-D05FF668,2026-06-27T13:56:39,CLR-1029,2,4,P8,TAKE,CONSUMER,-259.99,1,0.97,False
EVT-000937,CART-96E6E08B,2026-06-27T14:30:45,CLR-1029,2,1,P5,TAKE,CONSUMER,-96.35,1,0.966,False
EVT-000942,CART-03F7566E,2026-06-27T16:11:01,CLR-1029,2,2,P6,TAKE,CONSUMER,-156.02,1,0.97,False
EVT-000943,CART-03F7566E,2026-06-27T16:11:27,CLR-1029,2,2,P6,RETURN,CONSUMER,150.55,1,0.9,False
EVT-000950,CART-362DAEBE,2026-06-27T16:38:08,CLR-1029,2,3,P7,TAKE,CONSUMER,-222.21,1,0.91,False
EVT-000944,CART-265A608D,2026-06-27T17:02:40,CLR-1029,2,2,P6,TAKE,CONSUMER,-154.73,1,0.968,False
EVT-000945,CART-265A608D,2026-06-27T17:03:12,CLR-1029,2,2,P6,RETURN,CONSUMER,154.04,1,0.9,False
EVT-000921,CART-E11B4EBC,2026-06-27T17:22:16,CLR-1029,1,1,P1,TAKE,CONSUMER,-225.96,1,0.837,False
EVT-000926,CART-F861D778,2026-06-27T18:39:26,CLR-1029,1,2,P2,TAKE,CONSUMER,-196.54,1,0.912,False
EVT-000929,CART-8BB4B298,2026-06-27T18:47:47,CLR-1029,1,2,P2,TAKE,CONSUMER,-201.49,1,0.876,False
EVT-000934,CART-2BB36D4B,2026-06-27T20:24:46,CLR-1029,1,3,P3,TAKE,CONSUMER,-116.39,1,0.843,False
EVT-000948,CART-1B72FC91,2026-06-27T20:31:20,CLR-1029,2,2,P6,TAKE,CONSUMER,-152.53,1,0.795,False
EVT-000949,CART-1B72FC91,2026-06-27T20:31:43,CLR-1029,2,2,P6,RETURN,CONSUMER,150.75,1,0.9,False
EVT-000932,CART-6BA49BC5,2026-06-27T20:49:50,CLR-1029,1,2,P2,TAKE,CONSUMER,-196.76,1,0.964,False
EVT-000935,CART-0EA95071,2026-06-27T20:57:53,CLR-1029,2,1,P5,TAKE,CONSUMER,-93.03,1,0.893,False
EVT-000975,CART-FFECA431,2026-06-28T08:22:00,CLR-1029,1,2,P2,TAKE,CONSUMER,-194.03,1,0.973,False
EVT-000965,CART-CA1CEDC8,2026-06-28T09:02:04,CLR-1029,1,2,P2,TAKE,CONSUMER,-204.54,1,0.877,False
EVT-000989,CART-D219CE59,2026-06-28T09:32:28,CLR-1029,2,2,P6,TAKE,CONSUMER,-148.77,1,0.796,False
EVT-000990,CART-D219CE59,2026-06-28T09:32:36,CLR-1029,2,2,P6,RETURN,CONSUMER,155.97,1,0.9,False
EVT-000963,CART-9DCD1A92,2026-06-28T09:35:12,CLR-1029,1,2,P2,TAKE,CONSUMER,-203.73,1,0.972,False
EVT-000977,CART-E505E35D,2026-06-28T09:36:50,CLR-1029,1,2,P2,TAKE,CONSUMER,-199.78,1,0.978,False
EVT-000980,CART-65705DE4,2026-06-28T10:30:55,CLR-1029,1,3,P3,TAKE,CONSUMER,-113.01,1,0.971,False
EVT-000991,CART-74D3531D,2026-06-28T10:34:48,CLR-1029,2,3,UNKNOWN,TAKE,CONSUMER,-232.4,1,0.315,True
EVT-000957,CART-1F620E06,2026-06-28T10:59:59,CLR-1029,1,2,P2,TAKE,CONSUMER,-200.62,1,0.954,False
EVT-000972,CART-AE8A501D,2026-06-28T11:04:11,CLR-1029,1,2,P2,TAKE,CONSUMER,-205.58,1,0.918,False
EVT-000979,CART-819CA653,2026-06-28T11:11:06,CLR-1029,1,3,P3,TAKE,CONSUMER,-113.73,1,0.97,False
EVT-000992,CART-F5B88A48,2026-06-28T11:24:56,CLR-1029,2,4,P8,TAKE,CONSUMER,-264.72,1,0.916,False
EVT-000967,CART-11D1C2E5,2026-06-28T13:28:26,CLR-1029,1,2,P2,TAKE,CONSUMER,-204.86,1,0.871,False
EVT-000962,CART-2DDD87E1,2026-06-28T13:30:26,CLR-1029,1,2,P2,TAKE,CONSUMER,-204.6,1,0.989,False
EVT-000955,CART-BCCD2762,2026-06-28T13:37:21,CLR-1029,1,2,P2,TAKE,CONSUMER,-196.28,1,0.933,False
EVT-000966,CART-8F88AF94,2026-06-28T13:42:46,CLR-1029,1,2,P2,TAKE,CONSUMER,-205.63,1,0.966,False
EVT-000982,CART-48311F91,2026-06-28T13:54:42,CLR-1029,2,1,P5,TAKE,CONSUMER,-94.6,1,0.92,False
EVT-000970,CART-7F53C3AB,2026-06-28T13:56:11,CLR-1029,1,2,P2,TAKE,CONSUMER,-202.44,1,0.874,False
EVT-000981,CART-8129090C,2026-06-28T14:01:29,CLR-1029,2,1,P5,TAKE,CONSUMER,-93.02,1,0.865,False
EVT-000987,CART-5817CE01,2026-06-28T14:34:19,CLR-1029,2,2,P6,TAKE,CONSUMER,-150.53,1,0.931,False
EVT-000988,CART-5817CE01,2026-06-28T14:35:01,CLR-1029,2,2,P6,RETURN,CONSUMER,149.44,1,0.9,False
EVT-000954,CART-136224F9,2026-06-28T15:31:40,CLR-1029,1,1,P1,TAKE,CONSUMER,-232.86,1,0.823,False
EVT-000976,CART-FC7C19D0,2026-06-28T15:46:29,CLR-1029,1,2,P2,TAKE,CONSUMER,-204.73,1,0.906,False
EVT-000969,CART-A518320B,2026-06-28T15:53:32,CLR-1029,1,2,P2,TAKE,CONSUMER,-204.07,1,0.889,False
EVT-000978,CART-50F91692,2026-06-28T16:01:47,CLR-1029,1,3,P3,TAKE,CONSUMER,-115.67,1,0.978,False
EVT-000953,CART-664AE5A7,2026-06-28T16:27:06,CLR-1029,1,1,P1,TAKE,CONSUMER,-239.28,1,0.847,False
EVT-000968,CART-C9EE6705,2026-06-28T16:28:14,CLR-1029,1,2,P2,TAKE,CONSUMER,-202.37,1,0.907,False
EVT-000958,CART-02F2921A,2026-06-28T16:32:21,CLR-1029,1,2,P2,TAKE,CONSUMER,-193.89,1,0.915,False
EVT-000956,CART-E26AAFE8,2026-06-28T16:47:57,CLR-1029,1,2,P2,TAKE,CONSUMER,-196.05,1,0.898,False
EVT-000959,CART-7E45199B,2026-06-28T17:08:29,CLR-1029,1,2,P2,TAKE,CONSUMER,-195.48,1,0.967,False
EVT-000964,CART-BC03DD9E,2026-06-28T17:28:49,CLR-1029,1,2,P2,TAKE,CONSUMER,-193.86,1,0.924,False
EVT-000983,CART-637F01B5,2026-06-28T17:34:35,CLR-1029,2,2,P6,TAKE,CONSUMER,-154.01,1,0.852,False
EVT-000984,CART-637F01B5,2026-06-28T17:35:02,CLR-1029,2,2,P6,RETURN,CONSUMER,155.75,1,0.9,False
EVT-000973,CART-1C3A8C62,2026-06-28T17:50:52,CLR-1029,1,2,P2,TAKE,CONSUMER,-200.68,1,0.874,False
EVT-000961,CART-E20664FB,2026-06-28T18:10:23,CLR-1029,1,2,P2,TAKE,CONSUMER,-204.66,1,0.984,False
EVT-000960,CART-6CF24C9C,2026-06-28T18:17:44,CLR-1029,1,2,P2,TAKE,CONSUMER,-202.23,1,0.953,False
EVT-000971,CART-C8F4AFB2,2026-06-28T18:39:58,CLR-1029,1,2,P2,TAKE,CONSUMER,-194.63,1,0.863,False
EVT-000974,CART-3285B6C7,2026-06-28T19:26:14,CLR-1029,1,2,P2,TAKE,CONSUMER,-197.08,1,0.862,False
EVT-000985,CART-90703CE0,2026-06-28T20:59:42,CLR-1029,2,2,P6,TAKE,CONSUMER,-157.4,1,0.886,False
EVT-000986,CART-90703CE0,2026-06-28T21:00:10,CLR-1029,2,2,P6,RETURN,CONSUMER,157.07,1,0.9,False
EVT-001003,STOCKER-01,2026-06-29T07:10:00,CLR-1029,1,2,P2,PLACE,STOCKER,4504.51,22,0.99,False
EVT-001007,CART-AE9DD42E,2026-06-29T10:48:48,CLR-1029,1,3,P3,TAKE,CONSUMER,-115.73,1,0.854,False
EVT-001000,CART-171E1FFD,2026-06-29T10:48:59,CLR-1029,1,2,P2,TAKE,CONSUMER,-202.52,1,0.876,False
EVT-001019,CART-A661C1C4,2026-06-29T11:33:50,CLR-1029,2,2,P6,TAKE,CONSUMER,-149.51,1,0.951,False
EVT-001020,CART-A661C1C4,2026-06-29T11:34:00,CLR-1029,2,2,P6,RETURN,CONSUMER,157.27,1,0.9,False
EVT-000994,CART-18625AFF,2026-06-29T11:41:24,CLR-1029,1,1,P1,TAKE,CONSUMER,-239.34,1,0.962,False
EVT-000996,CART-839D4DD9,2026-06-29T11:52:16,CLR-1029,1,2,P2,TAKE,CONSUMER,-205.24,1,0.882,False
EVT-000999,CART-4D93B256,2026-06-29T12:15:25,CLR-1029,1,2,P2,TAKE,CONSUMER,-199.79,1,0.854,False
EVT-000997,CART-FCB15A6A,2026-06-29T12:34:03,CLR-1029,1,2,P2,TAKE,CONSUMER,-195.66,1,0.902,False
EVT-000993,CART-3DC523D2,2026-06-29T13:07:17,CLR-1029,1,1,P1,TAKE,CONSUMER,-228.43,1,0.941,False
EVT-001010,CART-7AC8CF40,2026-06-29T13:12:11,CLR-1029,2,1,P5,TAKE,CONSUMER,-91.65,1,0.96,False
EVT-001009,CART-963A25D3,2026-06-29T13:14:21,CLR-1029,2,1,P5,TAKE,CONSUMER,-92.4,1,0.976,False
EVT-001023,CART-BEDFF02D,2026-06-29T14:43:24,CLR-1029,2,4,P8,TAKE,CONSUMER,-261.44,1,0.939,False
EVT-001011,CART-F3F54350,2026-06-29T16:48:44,CLR-1029,2,2,P6,TAKE,CONSUMER,-155.24,1,0.81,False
EVT-001012,CART-F3F54350,2026-06-29T16:49:13,CLR-1029,2,2,P6,RETURN,CONSUMER,153.25,1,0.9,False
EVT-001008,CART-E13E4AFB,2026-06-29T16:55:03,CLR-1029,2,1,P5,TAKE,CONSUMER,-94.44,1,0.946,False
EVT-001013,CART-CA016B67,2026-06-29T17:41:39,CLR-1029,2,2,P6,TAKE,CONSUMER,-151.79,1,0.962,False
EVT-001014,CART-CA016B67,2026-06-29T17:41:58,CLR-1029,2,2,P6,RETURN,CONSUMER,151.79,1,0.9,False
EVT-000995,CART-644C2E0F,2026-06-29T17:53:02,CLR-1029,1,2,P2,TAKE,CONSUMER,-201.35,1,0.888,False
EVT-001002,CART-17A955BD,2026-06-29T18:22:56,CLR-1029,1,2,P2,TAKE,CONSUMER,-195.98,1,0.877,False
EVT-001021,CART-36391856,2026-06-29T18:33:52,CLR-1029,2,2,P6,TAKE,CONSUMER,-154.88,1,0.82,False
EVT-001022,CART-36391856,2026-06-29T18:34:29,CLR-1029,2,2,P6,RETURN,CONSUMER,156.49,1,0.9,False
EVT-001006,CART-22954EE5,2026-06-29T19:59:43,CLR-1029,1,3,P3,TAKE,CONSUMER,-115.85,1,0.854,False
EVT-001015,CART-AB878255,2026-06-29T20:09:47,CLR-1029,2,2,P6,TAKE,CONSUMER,-153.72,1,0.776,False
EVT-001016,CART-AB878255,2026-06-29T20:10:07,CLR-1029,2,2,P6,RETURN,CONSUMER,151.73,1,0.9,False
EVT-000998,CART-56450BA0,2026-06-29T20:26:07,CLR-1029,1,2,P2,TAKE,CONSUMER,-202.59,1,0.929,False
EVT-001001,CART-0AB1DD2A,2026-06-29T20:34:25,CLR-1029,1,2,P2,TAKE,CONSUMER,-203.55,1,0.912,False
EVT-001004,CART-1828CFF1,2026-06-29T20:40:25,CLR-1029,1,3,P3,TAKE,CONSUMER,-112.19,1,0.898,False
EVT-001005,CART-1828CFF1,2026-06-29T20:40:47,CLR-1029,1,3,P3,RETURN,CONSUMER,110.37,1,0.95,False
EVT-001017,CART-6FB322D2,2026-06-29T20:53:53,CLR-1029,2,2,P6,TAKE,CONSUMER,-148.72,1,0.97,False
EVT-001018,CART-6FB322D2,2026-06-29T20:54:27,CLR-1029,2,2,P6,RETURN,CONSUMER,154.02,1,0.9,False
EVT-001043,CART-365F49F1,2026-06-30T08:04:27,CLR-1029,2,2,P6,TAKE,CONSUMER,-148.44,1,0.797,False
EVT-001044,CART-365F49F1,2026-06-30T08:04:59,CLR-1029,2,2,P6,RETURN,CONSUMER,148.83,1,0.9,False
EVT-001047,CART-C5FC6AE4,2026-06-30T08:25:49,CLR-1029,2,2,P6,TAKE,CONSUMER,-151.02,1,0.873,False
EVT-001048,CART-C5FC6AE4,2026-06-30T08:26:28,CLR-1029,2,2,P6,RETURN,CONSUMER,153.58,1,0.9,False
EVT-001052,CART-0F8E66E2,2026-06-30T09:05:30,CLR-1029,2,3,P7,TAKE,CONSUMER,-229.25,1,0.864,False
EVT-001041,CART-209EC29D,2026-06-30T09:13:47,CLR-1029,2,2,P6,TAKE,CONSUMER,-154.97,1,0.898,False
EVT-001042,CART-209EC29D,2026-06-30T09:14:17,CLR-1029,2,2,P6,RETURN,CONSUMER,150.18,1,0.9,False
EVT-001057,CART-E08C3690,2026-06-30T09:39:19,CLR-1029,2,4,P8,TAKE,CONSUMER,-264.03,1,0.877,False
EVT-001031,CART-F297ADFC,2026-06-30T10:34:40,CLR-1029,1,2,P2,TAKE,CONSUMER,-205.16,1,0.982,False
EVT-001030,CART-1F5D88C8,2026-06-30T11:05:33,CLR-1029,1,2,P2,TAKE,CONSUMER,-202.74,1,0.881,False
EVT-001027,CART-8D1DC123,2026-06-30T11:33:37,CLR-1029,1,2,P2,TAKE,CONSUMER,-193.84,1,0.901,False
EVT-001055,CART-55DD603D,2026-06-30T11:40:09,CLR-1029,2,4,P8,TAKE,CONSUMER,-255.2,1,0.839,False
EVT-001056,CART-55DD603D,2026-06-30T11:41:21,CLR-1029,2,4,P8,RETURN,CONSUMER,250.71,1,0.95,False
EVT-001035,CART-8D7E6D50,2026-06-30T11:46:59,CLR-1029,2,1,P5,TAKE,CONSUMER,-96.59,1,0.925,False
EVT-001053,CART-49CD4485,2026-06-30T12:17:38,CLR-1029,2,3,UNKNOWN,TAKE,CONSUMER,-223.74,1,0.481,True
EVT-001026,CART-7D07F9D2,2026-06-30T12:26:52,CLR-1029,1,2,P2,TAKE,CONSUMER,-195.58,1,0.937,False
EVT-001029,CART-0C0B2855,2026-06-30T12:43:51,CLR-1029,1,2,P2,TAKE,CONSUMER,-195.21,1,0.881,False
EVT-001024,CART-874EFB23,2026-06-30T13:06:27,CLR-1029,1,2,P2,TAKE,CONSUMER,-195.3,1,0.865,False
EVT-001051,CART-30E025CC,2026-06-30T13:26:59,CLR-1029,2,3,UNKNOWN,TAKE,CONSUMER,-226.69,1,0.492,True
EVT-001049,CART-23A78DB0,2026-06-30T14:35:54,CLR-1029,2,2,P6,TAKE,CONSUMER,-155.32,1,0.964,False
EVT-001050,CART-23A78DB0,2026-06-30T14:36:23,CLR-1029,2,2,P6,RETURN,CONSUMER,151.7,1,0.9,False
EVT-001037,CART-315F1CED,2026-06-30T14:45:17,CLR-1029,2,2,P6,TAKE,CONSUMER,-156.63,1,0.822,False
EVT-001038,CART-315F1CED,2026-06-30T14:45:24,CLR-1029,2,2,P6,RETURN,CONSUMER,155.73,1,0.9,False
EVT-001045,CART-1C01774F,2026-06-30T15:06:07,CLR-1029,2,2,P6,TAKE,CONSUMER,-151.7,1,0.939,False
EVT-001046,CART-1C01774F,2026-06-30T15:06:27,CLR-1029,2,2,P6,RETURN,CONSUMER,150.35,1,0.9,False
EVT-001033,CART-BEF5C2C5,2026-06-30T16:07:19,CLR-1029,1,3,P3,TAKE,CONSUMER,-111.89,1,0.959,False
EVT-001032,CART-D187E253,2026-06-30T16:13:44,CLR-1029,1,2,P2,TAKE,CONSUMER,-194.15,1,0.864,False
EVT-001036,CART-CAF31D9E,2026-06-30T16:23:04,CLR-1029,2,1,P5,TAKE,CONSUMER,-96.67,1,0.85,False
EVT-001028,CART-37B0C5C8,2026-06-30T17:56:19,CLR-1029,1,2,P2,TAKE,CONSUMER,-204.31,1,0.924,False
EVT-001054,CART-93B7450B,2026-06-30T18:15:49,CLR-1029,2,4,P8,TAKE,CONSUMER,-250.67,1,0.972,False
EVT-001025,CART-BF1F66E3,2026-06-30T18:46:07,CLR-1029,1,2,P2,TAKE,CONSUMER,-202.68,1,0.884,False
EVT-001039,CART-265F4147,2026-06-30T19:27:46,CLR-1029,2,2,P6,TAKE,CONSUMER,-155.42,1,0.96,False
EVT-001040,CART-265F4147,2026-06-30T19:28:03,CLR-1029,2,2,P6,RETURN,CONSUMER,149.78,1,0.9,False
EVT-001034,CART-6019D012,2026-06-30T20:31:47,CLR-1029,2,1,P5,TAKE,CONSUMER,-96.2,1,0.989,False
EVT-001059,STOCKER-01,2026-07-01T07:00:00,CLR-1029,1,1,P1,PLACE,STOCKER,1899.01,8,0.99,False
EVT-001071,STOCKER-01,2026-07-01T07:00:00,CLR-1029,1,3,P3,PLACE,STOCKER,900.74,8,0.99,False
EVT-001074,STOCKER-01,2026-07-01T07:00:00,CLR-1029,2,1,P5,PLACE,STOCKER,750.08,8,0.99,False
EVT-001078,STOCKER-01,2026-07-01T07:00:00,CLR-1029,2,2,P6,PLACE,STOCKER,1218.05,8,0.99,False
EVT-001082,STOCKER-01,2026-07-01T07:00:00,CLR-1029,2,3,P7,PLACE,STOCKER,1869.84,8,0.99,False
EVT-001087,STOCKER-01,2026-07-01T07:00:00,CLR-1029,2,4,P8,PLACE,STOCKER,2033.36,8,0.99,False
EVT-001068,STOCKER-01,2026-07-01T07:10:00,CLR-1029,1,2,P2,PLACE,STOCKER,4341.1,22,0.99,False
EVT-001064,CART-6165DAA2,2026-07-01T08:11:07,CLR-1029,1,2,P2,TAKE,CONSUMER,-203.46,1,0.872,False
EVT-001073,CART-299632B8,2026-07-01T09:22:30,CLR-1029,2,1,P5,TAKE,CONSUMER,-96.53,1,0.894,False
EVT-001086,CART-421CCD3C,2026-07-01T09:53:23,CLR-1029,2,4,P8,TAKE,CONSUMER,-250.71,1,0.92,False
EVT-001066,CART-812A1151,2026-07-01T10:03:27,CLR-1029,1,2,P2,TAKE,CONSUMER,-199.74,1,0.986,False
EVT-001065,CART-832CBCDE,2026-07-01T10:12:25,CLR-1029,1,2,P2,TAKE,CONSUMER,-199.59,1,0.969,False
EVT-001069,CART-9273D59A,2026-07-01T10:19:17,CLR-1029,1,3,P3,TAKE,CONSUMER,-116.38,1,0.846,False
EVT-001060,CART-53B48C96,2026-07-01T10:54:46,CLR-1029,1,2,P2,TAKE,CONSUMER,-197.0,1,0.969,False
EVT-001070,CART-7BD968FC,2026-07-01T11:20:39,CLR-1029,1,3,P3,TAKE,CONSUMER,-109.95,1,0.987,False
EVT-001076,CART-1086446E,2026-07-01T12:03:28,CLR-1029,2,2,P6,TAKE,CONSUMER,-156.8,1,0.952,False
EVT-001077,CART-1086446E,2026-07-01T12:04:12,CLR-1029,2,2,P6,RETURN,CONSUMER,150.04,1,0.9,False
EVT-001072,CART-301AD6BF,2026-07-01T13:05:04,CLR-1029,2,1,P5,TAKE,CONSUMER,-94.71,1,0.978,False
EVT-001080,CART-D794621A,2026-07-01T13:41:46,CLR-1029,2,3,UNKNOWN,TAKE,CONSUMER,-233.45,1,0.512,True
EVT-001085,CART-CA0C0CEA,2026-07-01T14:51:55,CLR-1029,2,4,P8,TAKE,CONSUMER,-249.53,1,0.913,False
EVT-001079,CART-DBD7C052,2026-07-01T14:52:43,CLR-1029,2,3,UNKNOWN,TAKE,CONSUMER,-231.97,1,0.449,True
EVT-001067,CART-53DBB340,2026-07-01T14:54:26,CLR-1029,1,2,P2,TAKE,CONSUMER,-195.0,1,0.949,False
EVT-001062,CART-18A8CD8B,2026-07-01T15:09:43,CLR-1029,1,2,P2,TAKE,CONSUMER,-198.11,1,0.944,False
EVT-001075,CART-DA3F37BA,2026-07-01T15:38:24,CLR-1029,2,2,P6,TAKE,CONSUMER,-154.68,1,0.826,False
EVT-001061,CART-137C566E,2026-07-01T16:12:23,CLR-1029,1,2,P2,TAKE,CONSUMER,-197.15,1,0.976,False
EVT-001058,CART-B82A8EB6,2026-07-01T18:37:50,CLR-1029,1,1,P1,TAKE,CONSUMER,-238.37,1,0.974,False
EVT-001063,CART-B7C7ED01,2026-07-01T19:12:32,CLR-1029,1,2,P2,TAKE,CONSUMER,-198.06,1,0.939,False
EVT-001081,CART-983CC1DD,2026-07-01T20:25:30,CLR-1029,2,3,P7,TAKE,CONSUMER,-235.59,1,0.864,False
EVT-001083,CART-4F576381,2026-07-01T20:44:41,CLR-1029,2,4,P8,TAKE,CONSUMER,-264.13,1,0.827,False
EVT-001084,CART-4F576381,2026-07-01T20:45:20,CLR-1029,2,4,P8,RETURN,CONSUMER,255.94,1,0.95,False
EVT-001090,CART-E841ECE3,2026-07-02T08:58:08,CLR-1029,1,2,P2,TAKE,CONSUMER,-201.08,1,0.916,False
EVT-001107,CART-5AEF6E10,2026-07-02T09:18:07,CLR-1029,2,2,P6,TAKE,CONSUMER,-154.18,1,0.883,False
EVT-001095,CART-DB69EE56,2026-07-02T09:43:12,CLR-1029,1,2,P2,TAKE,CONSUMER,-203.87,1,0.921,False
EVT-001105,CART-CB34EF1B,2026-07-02T10:25:13,CLR-1029,2,2,P6,TAKE,CONSUMER,-152.86,1,0.834,False
EVT-001106,CART-CB34EF1B,2026-07-02T10:25:38,CLR-1029,2,2,P6,RETURN,CONSUMER,154.36,1,0.9,False
EVT-001102,CART-23A3A09A,2026-07-02T11:07:08,CLR-1029,1,3,P3,TAKE,CONSUMER,-113.96,1,0.981,False
EVT-001114,CART-0E46E61C,2026-07-02T11:49:05,CLR-1029,2,3,P7,TAKE,CONSUMER,-228.26,1,0.918,False
EVT-001100,CART-C9E9B8C8,2026-07-02T12:20:57,CLR-1029,1,2,P2,TAKE,CONSUMER,-195.97,1,0.857,False
EVT-001091,CART-E5BF9D8D,2026-07-02T12:33:43,CLR-1029,1,2,P2,TAKE,CONSUMER,-202.17,1,0.951,False
EVT-001108,CART-3CEEF3BE,2026-07-02T12:50:48,CLR-1029,2,2,P6,TAKE,CONSUMER,-151.15,1,0.77,False
EVT-001109,CART-3CEEF3BE,2026-07-02T12:50:58,CLR-1029,2,2,P6,RETURN,CONSUMER,151.14,1,0.9,False
EVT-001089,CART-3A647BAC,2026-07-02T13:18:55,CLR-1029,1,1,P1,TAKE,CONSUMER,-230.39,1,0.909,False
EVT-001117,CART-1172C0BD,2026-07-02T13:19:44,CLR-1029,2,4,P8,TAKE,CONSUMER,-260.27,1,0.888,False
EVT-001088,CART-44E7F925,2026-07-02T13:25:21,CLR-1029,1,1,P1,TAKE,CONSUMER,-231.77,1,0.919,False
EVT-001096,CART-AB9433E5,2026-07-02T13:53:00,CLR-1029,1,2,P2,TAKE,CONSUMER,-201.07,1,0.968,False
EVT-001110,CART-7B6BCB44,2026-07-02T15:10:08,CLR-1029,2,2,P6,TAKE,CONSUMER,-155.89,1,0.944,False
EVT-001111,CART-7B6BCB44,2026-07-02T15:10:29,CLR-1029,2,2,P6,RETURN,CONSUMER,149.65,1,0.9,False
EVT-001103,CART-7FAF7DD3,2026-07-02T15:35:11,CLR-1029,2,1,P5,TAKE,CONSUMER,-91.58,1,0.918,False
EVT-001112,CART-0DF92CDE,2026-07-02T16:00:48,CLR-1029,2,2,P6,TAKE,CONSUMER,-148.53,1,0.84,False
EVT-001113,CART-0DF92CDE,2026-07-02T16:01:23,CLR-1029,2,2,P6,RETURN,CONSUMER,156.09,1,0.9,False
EVT-001092,CART-A1CE3D8C,2026-07-02T16:43:49,CLR-1029,1,2,P2,TAKE,CONSUMER,-195.48,1,0.912,False
EVT-001098,CART-3E823C0D,2026-07-02T16:53:47,CLR-1029,1,2,P2,TAKE,CONSUMER,-199.38,1,0.89,False
EVT-001115,CART-2E13735B,2026-07-02T17:21:05,CLR-1029,2,4,P8,TAKE,CONSUMER,-261.79,1,0.842,False
EVT-001116,CART-2E13735B,2026-07-02T17:22:29,CLR-1029,2,4,P8,RETURN,CONSUMER,260.14,1,0.95,False
EVT-001099,CART-B5680D0E,2026-07-02T17:48:10,CLR-1029,1,2,P2,TAKE,CONSUMER,-195.68,1,0.868,False
EVT-001101,CART-7E56CD21,2026-07-02T17:58:03,CLR-1029,1,3,P3,TAKE,CONSUMER,-111.3,1,0.97,False
EVT-001104,CART-27F5D91E,2026-07-02T18:02:04,CLR-1029,2,1,P5,TAKE,CONSUMER,-95.24,1,0.975,False
EVT-001094,CART-22A806B6,2026-07-02T19:18:44,CLR-1029,1,2,P2,TAKE,CONSUMER,-196.37,1,0.894,False
EVT-001097,CART-AE03F52A,2026-07-02T19:34:10,CLR-1029,1,2,P2,TAKE,CONSUMER,-201.35,1,0.958,False
EVT-001118,CART-BFE3E270,2026-07-02T20:29:54,CLR-1029,2,4,P8,TAKE,CONSUMER,-258.19,1,0.881,False
EVT-001119,CART-BFE3E270,2026-07-02T20:30:41,CLR-1029,2,4,P8,RETURN,CONSUMER,257.07,1,0.95,False
EVT-001093,CART-EF89DB1F,2026-07-02T20:52:47,CLR-1029,1,2,P2,TAKE,CONSUMER,-196.2,1,0.906,False
EVT-001132,STOCKER-01,2026-07-03T07:10:00,CLR-1029,1,2,P2,PLACE,STOCKER,4497.27,22,0.99,False
EVT-001123,CART-89AD055B,2026-07-03T08:20:26,CLR-1029,1,2,P2,TAKE,CONSUMER,-195.33,1,0.935,False
EVT-001136,CART-F1695552,2026-07-03T08:37:38,CLR-1029,2,1,P5,TAKE,CONSUMER,-91.61,1,0.895,False
EVT-001140,CART-E90CC443,2026-07-03T09:30:05,CLR-1029,2,2,P6,TAKE,CONSUMER,-152.45,1,0.92,False
EVT-001141,CART-E90CC443,2026-07-03T09:30:47,CLR-1029,2,2,P6,RETURN,CONSUMER,155.8,1,0.9,False
EVT-001127,CART-121CE61B,2026-07-03T10:35:19,CLR-1029,1,2,P2,TAKE,CONSUMER,-203.46,1,0.91,False
EVT-001131,CART-E0198929,2026-07-03T11:10:53,CLR-1029,1,2,P2,TAKE,CONSUMER,-201.73,1,0.931,False
EVT-001148,CART-DF8300C7,2026-07-03T11:28:44,CLR-1029,2,3,UNKNOWN,TAKE,CONSUMER,-228.92,1,0.439,True
EVT-001128,CART-79A267D1,2026-07-03T12:06:48,CLR-1029,1,2,P2,TAKE,CONSUMER,-198.14,1,0.921,False
EVT-001135,CART-4E2D00F0,2026-07-03T12:14:16,CLR-1029,2,1,P5,TAKE,CONSUMER,-91.38,1,0.926,False
EVT-001146,CART-2F40C8FC,2026-07-03T12:37:46,CLR-1029,2,2,P6,TAKE,CONSUMER,-152.9,1,0.764,False
EVT-001147,CART-2F40C8FC,2026-07-03T12:37:53,CLR-1029,2,2,P6,RETURN,CONSUMER,153.69,1,0.9,False
EVT-001137,CART-8FCD459E,2026-07-03T13:05:36,CLR-1029,2,1,P5,TAKE,CONSUMER,-91.7,1,0.91,False
EVT-001129,CART-5A2D8397,2026-07-03T13:17:18,CLR-1029,1,2,P2,TAKE,CONSUMER,-203.28,1,0.989,False
EVT-001138,CART-EEE9E432,2026-07-03T13:37:58,CLR-1029,2,2,P6,TAKE,CONSUMER,-149.79,1,0.943,False
EVT-001139,CART-EEE9E432,2026-07-03T13:38:08,CLR-1029,2,2,P6,RETURN,CONSUMER,152.9,1,0.9,False
EVT-001121,CART-B622E676,2026-07-03T13:59:15,CLR-1029,1,2,P2,TAKE,CONSUMER,-194.41,1,0.909,False
EVT-001144,CART-9BEE4C27,2026-07-03T14:47:15,CLR-1029,2,2,P6,TAKE,CONSUMER,-153.5,1,0.774,False
EVT-001145,CART-9BEE4C27,2026-07-03T14:47:20,CLR-1029,2,2,P6,RETURN,CONSUMER,149.34,1,0.9,False
EVT-001133,CART-79D66941,2026-07-03T16:19:44,CLR-1029,1,3,P3,TAKE,CONSUMER,-112.59,1,0.846,False
EVT-001130,CART-91AD54B5,2026-07-03T16:30:36,CLR-1029,1,2,P2,TAKE,CONSUMER,-204.55,1,0.908,False
EVT-001134,CART-FE55D7D8,2026-07-03T17:02:38,CLR-1029,1,3,P3,TAKE,CONSUMER,-114.54,1,0.924,False
EVT-001120,CART-24C0B852,2026-07-03T17:24:58,CLR-1029,1,1,P1,TAKE,CONSUMER,-227.02,1,0.931,False
EVT-001125,CART-DE5F5057,2026-07-03T17:52:20,CLR-1029,1,2,P2,TAKE,CONSUMER,-200.17,1,0.894,False
EVT-001122,CART-09AE5479,2026-07-03T18:25:32,CLR-1029,1,2,P2,TAKE,CONSUMER,-195.04,1,0.945,False
EVT-001142,CART-4A288DD6,2026-07-03T19:12:02,CLR-1029,2,2,P6,TAKE,CONSUMER,-150.58,1,0.887,False
EVT-001143,CART-4A288DD6,2026-07-03T19:12:32,CLR-1029,2,2,P6,RETURN,CONSUMER,151.58,1,0.9,False
EVT-001124,CART-07CCF8BD,2026-07-03T19:51:21,CLR-1029,1,2,P2,TAKE,CONSUMER,-204.87,1,0.976,False
EVT-001149,CART-B12863A1,2026-07-03T20:47:12,CLR-1029,2,4,P8,TAKE,CONSUMER,-256.07,1,0.83,False
EVT-001126,CART-1F8C6333,2026-07-03T20:51:03,CLR-1029,1,2,P2,TAKE,CONSUMER,-204.99,1,0.878,False
EVT-001181,CART-8813FF2C,2026-07-04T09:04:42,CLR-1029,2,4,P8,TAKE,CONSUMER,-250.72,1,0.949,False
EVT-001155,CART-E67CA337,2026-07-04T09:36:37,CLR-1029,1,2,P2,TAKE,CONSUMER,-202.2,1,0.863,False
EVT-001161,CART-31494BB3,2026-07-04T09:49:52,CLR-1029,2,1,P5,TAKE,CONSUMER,-95.69,1,0.956,False
EVT-001179,CART-06114F06,2026-07-04T10:08:49,CLR-1029,2,3,P7,TAKE,CONSUMER,-228.73,1,0.932,False
EVT-001164,CART-CEE0F2F7,2026-07-04T10:46:17,CLR-1029,2,2,P6,TAKE,CONSUMER,-154.91,1,0.909,False
EVT-001165,CART-CEE0F2F7,2026-07-04T10:46:41,CLR-1029,2,2,P6,RETURN,CONSUMER,150.58,1,0.9,False
EVT-001153,CART-CB57C57B,2026-07-04T10:51:50,CLR-1029,1,2,P2,TAKE,CONSUMER,-197.11,1,0.913,False
EVT-001151,CART-1ED653B5,2026-07-04T11:20:02,CLR-1029,1,1,P1,TAKE,CONSUMER,-232.64,1,0.975,False
EVT-001168,CART-05464C25,2026-07-04T12:35:06,CLR-1029,2,2,P6,TAKE,CONSUMER,-155.72,1,0.876,False
EVT-001169,CART-05464C25,2026-07-04T12:35:13,CLR-1029,2,2,P6,RETURN,CONSUMER,150.68,1,0.9,False
EVT-001172,CART-ECC40CCD,2026-07-04T12:41:36,CLR-1029,2,2,P6,TAKE,CONSUMER,-152.16,1,0.97,False
EVT-001173,CART-ECC40CCD,2026-07-04T12:42:01,CLR-1029,2,2,P6,RETURN,CONSUMER,154.69,1,0.9,False
EVT-001170,CART-16BEE977,2026-07-04T12:54:48,CLR-1029,2,2,P6,TAKE,CONSUMER,-148.71,1,0.875,False
EVT-001171,CART-16BEE977,2026-07-04T12:55:17,CLR-1029,2,2,P6,RETURN,CONSUMER,152.18,1,0.9,False
EVT-001158,CART-78376BEA,2026-07-04T14:03:52,CLR-1029,1,2,P2,TAKE,CONSUMER,-205.48,1,0.88,False
EVT-001156,CART-5C7692FC,2026-07-04T14:04:48,CLR-1029,1,2,P2,TAKE,CONSUMER,-204.93,1,0.874,False
EVT-001157,CART-6EBDF012,2026-07-04T14:25:58,CLR-1029,1,2,P2,TAKE,CONSUMER,-200.66,1,0.926,False
EVT-001178,CART-C39F76CC,2026-07-04T14:30:18,CLR-1029,2,3,UNKNOWN,TAKE,CONSUMER,-224.54,1,0.312,True
EVT-001154,CART-15AF8D42,2026-07-04T14:49:31,CLR-1029,1,2,P2,TAKE,CONSUMER,-203.3,1,0.984,False
EVT-001174,CART-C6EFCD5B,2026-07-04T15:06:14,CLR-1029,2,2,P6,TAKE,CONSUMER,-155.05,1,0.937,False
EVT-001175,CART-C6EFCD5B,2026-07-04T15:06:45,CLR-1029,2,2,P6,RETURN,CONSUMER,154.81,1,0.9,False
EVT-001150,CART-D9EC4913,2026-07-04T15:13:45,CLR-1029,1,1,P1,TAKE,CONSUMER,-227.43,1,0.846,False
EVT-001166,CART-86EA14B1,2026-07-04T15:42:37,CLR-1029,2,2,P6,TAKE,CONSUMER,-151.69,1,0.951,False
EVT-001167,CART-86EA14B1,2026-07-04T15:42:42,CLR-1029,2,2,P6,RETURN,CONSUMER,156.07,1,0.9,False
EVT-001180,CART-C4B625D4,2026-07-04T15:45:09,CLR-1029,2,4,P8,TAKE,CONSUMER,-255.88,1,0.856,False
EVT-001176,CART-2FE22464,2026-07-04T16:25:32,CLR-1029,2,2,P6,TAKE,CONSUMER,-149.1,1,0.816,False
EVT-001177,CART-2FE22464,2026-07-04T16:25:46,CLR-1029,2,2,P6,RETURN,CONSUMER,152.11,1,0.9,False
EVT-001152,CART-586D1293,2026-07-04T16:33:03,CLR-1029,1,2,P2,TAKE,CONSUMER,-200.8,1,0.989,False
EVT-001159,CART-ECEADFC1,2026-07-04T16:35:15,CLR-1029,1,2,P2,TAKE,CONSUMER,-203.58,1,0.854,False
EVT-001160,CART-4AA6D9C4,2026-07-04T17:27:28,CLR-1029,1,3,P3,TAKE,CONSUMER,-116.08,1,0.825,False
EVT-001162,CART-F3486058,2026-07-04T18:06:21,CLR-1029,2,2,P6,TAKE,CONSUMER,-154.01,1,0.947,False
EVT-001163,CART-F3486058,2026-07-04T18:07:02,CLR-1029,2,2,P6,RETURN,CONSUMER,155.08,1,0.9,False
EVT-001194,STOCKER-01,2026-07-05T07:10:00,CLR-1029,1,2,P2,PLACE,STOCKER,4451.8,22,0.99,False
EVT-001192,CART-46D5399D,2026-07-05T08:48:09,CLR-1029,1,2,P2,TAKE,CONSUMER,-198.61,1,0.906,False
EVT-001187,CART-C5C7DA78,2026-07-05T10:05:17,CLR-1029,1,2,P2,TAKE,CONSUMER,-200.3,1,0.88,False
EVT-001183,CART-2820E509,2026-07-05T10:07:20,CLR-1029,1,2,P2,TAKE,CONSUMER,-195.24,1,0.971,False
EVT-001197,CART-2C817D03,2026-07-05T10:09:19,CLR-1029,1,3,P3,TAKE,CONSUMER,-111.87,1,0.853,False
EVT-001188,CART-DAEC72F0,2026-07-05T10:19:10,CLR-1029,1,2,P2,TAKE,CONSUMER,-199.35,1,0.89,False
EVT-001184,CART-076509F2,2026-07-05T10:23:03,CLR-1029,1,2,P2,TAKE,CONSUMER,-200.56,1,0.858,False
EVT-001201,CART-74F28773,2026-07-05T10:56:59,CLR-1029,2,1,P5,TAKE,CONSUMER,-95.21,1,0.822,False
EVT-001189,CART-CE48AEDD,2026-07-05T10:59:51,CLR-1029,1,2,P2,TAKE,CONSUMER,-204.28,1,0.879,False
EVT-001202,CART-AC89B273,2026-07-05T11:18:54,CLR-1029,2,2,P6,TAKE,CONSUMER,-156.47,1,0.96,False
EVT-001203,CART-AC89B273,2026-07-05T11:19:03,CLR-1029,2,2,P6,RETURN,CONSUMER,154.92,1,0.9,False
EVT-001204,CART-B316527E,2026-07-05T11:32:15,CLR-1029,2,2,P6,TAKE,CONSUMER,-148.33,1,0.818,False
EVT-001205,CART-B316527E,2026-07-05T11:32:27,CLR-1029,2,2,P6,RETURN,CONSUMER,156.57,1,0.9,False
EVT-001185,CART-6E5AE085,2026-07-05T11:40:38,CLR-1029,1,2,P2,TAKE,CONSUMER,-198.4,1,0.93,False
EVT-001191,CART-7DFFC669,2026-07-05T11:49:26,CLR-1029,1,2,P2,TAKE,CONSUMER,-199.98,1,0.883,False
EVT-001208,CART-CEF394D8,2026-07-05T11:57:27,CLR-1029,2,2,P6,TAKE,CONSUMER,-150.12,1,0.966,False
EVT-001209,CART-CEF394D8,2026-07-05T11:57:35,CLR-1029,2,2,P6,RETURN,CONSUMER,148.61,1,0.9,False
EVT-001182,CART-6BE01A89,2026-07-05T12:41:17,CLR-1029,1,1,P1,TAKE,CONSUMER,-232.0,1,0.979,False
EVT-001215,CART-D5B3E638,2026-07-05T12:49:07,CLR-1029,2,3,UNKNOWN,TAKE,CONSUMER,-229.1,1,0.285,True
EVT-001193,CART-F325F626,2026-07-05T13:51:29,CLR-1029,1,2,P2,TAKE,CONSUMER,-200.46,1,0.874,False
EVT-001198,CART-143C376E,2026-07-05T13:54:42,CLR-1029,2,1,P5,TAKE,CONSUMER,-93.03,1,0.913,False
EVT-001199,CART-143C376E,2026-07-05T13:55:31,CLR-1029,2,1,P5,RETURN,CONSUMER,95.37,1,0.95,False
EVT-001210,CART-7D03310A,2026-07-05T14:26:17,CLR-1029,2,2,P6,TAKE,CONSUMER,-149.22,1,0.757,False
EVT-001211,CART-7D03310A,2026-07-05T14:26:32,CLR-1029,2,2,P6,RETURN,CONSUMER,150.17,1,0.9,False
EVT-001214,CART-1591BB76,2026-07-05T15:09:56,CLR-1029,2,3,UNKNOWN,TAKE,CONSUMER,-227.6,1,0.443,True
EVT-001190,CART-23FDDA05,2026-07-05T16:13:26,CLR-1029,1,2,P2,TAKE,CONSUMER,-203.36,1,0.903,False
EVT-001186,CART-937CCFFD,2026-07-05T17:47:48,CLR-1029,1,2,P2,TAKE,CONSUMER,-195.92,1,0.871,False
EVT-001200,CART-5965C3F3,2026-07-05T18:04:29,CLR-1029,2,1,P5,TAKE,CONSUMER,-93.19,1,0.837,False
EVT-001216,CART-3184C08D,2026-07-05T18:09:25,CLR-1029,2,4,P8,TAKE,CONSUMER,-251.91,1,0.872,False
EVT-001212,CART-BA4F6D91,2026-07-05T18:37:18,CLR-1029,2,3,UNKNOWN,TAKE,CONSUMER,-233.71,1,0.399,True
EVT-001206,CART-5E33FAB2,2026-07-05T19:33:08,CLR-1029,2,2,P6,TAKE,CONSUMER,-148.46,1,0.889,False
EVT-001207,CART-5E33FAB2,2026-07-05T19:33:43,CLR-1029,2,2,P6,RETURN,CONSUMER,157.31,1,0.9,False
EVT-001213,CART-2B4CEDFB,2026-07-05T19:39:18,CLR-1029,2,3,UNKNOWN,TAKE,CONSUMER,-224.35,1,0.459,True
EVT-001195,CART-1F7882AF,2026-07-05T20:35:56,CLR-1029,1,3,P3,TAKE,CONSUMER,-114.18,1,0.936,False
EVT-001196,CART-1F7882AF,2026-07-05T20:36:35,CLR-1029,1,3,P3,RETURN,CONSUMER,113.09,1,0.95,False
EVT-001221,CART-87152E94,2026-07-06T08:00:45,CLR-1029,1,3,P3,TAKE,CONSUMER,-110.56,1,0.872,False
EVT-001219,CART-77EAD5E4,2026-07-06T08:24:40,CLR-1029,1,2,P2,TAKE,CONSUMER,-198.04,1,0.981,False
EVT-001225,CART-6AA8672B,2026-07-06T08:24:43,CLR-1029,2,1,P5,TAKE,CONSUMER,-95.17,1,0.892,False
EVT-001237,CART-A5CB6204,2026-07-06T09:19:03,CLR-1029,2,2,P6,TAKE,CONSUMER,-151.41,1,0.78,False
EVT-001222,CART-AF74167E,2026-07-06T09:47:27,CLR-1029,1,3,P3,TAKE,CONSUMER,-116.31,1,0.843,False
EVT-001223,CART-326653AC,2026-07-06T09:54:51,CLR-1029,1,3,P3,TAKE,CONSUMER,-113.07,1,0.95,False
EVT-001220,CART-48E3837E,2026-07-06T10:30:35,CLR-1029,1,2,P2,TAKE,CONSUMER,-193.68,1,0.951,False
EVT-001238,CART-01F2CD47,2026-07-06T10:37:27,CLR-1029,2,2,P6,TAKE,CONSUMER,-154.02,1,0.962,False
EVT-001239,CART-01F2CD47,2026-07-06T10:38:10,CLR-1029,2,2,P6,RETURN,CONSUMER,149.47,1,0.9,False
EVT-001235,CART-6DA8C2FB,2026-07-06T11:51:17,CLR-1029,2,2,P6,TAKE,CONSUMER,-155.85,1,0.836,False
EVT-001236,CART-6DA8C2FB,2026-07-06T11:51:46,CLR-1029,2,2,P6,RETURN,CONSUMER,152.68,1,0.9,False
EVT-001227,CART-1D485D44,2026-07-06T14:23:39,CLR-1029,2,1,P5,TAKE,CONSUMER,-94.53,1,0.976,False
EVT-001226,CART-426D7CF0,2026-07-06T14:31:00,CLR-1029,2,1,P5,TAKE,CONSUMER,-94.99,1,0.946,False
EVT-001240,CART-212E41D0,2026-07-06T14:41:26,CLR-1029,2,3,P7,TAKE,CONSUMER,-232.55,1,0.911,False
EVT-001229,CART-3BF253D4,2026-07-06T15:20:47,CLR-1029,2,2,P6,TAKE,CONSUMER,-150.46,1,0.875,False
EVT-001228,CART-A25945AC,2026-07-06T15:20:56,CLR-1029,2,1,P5,TAKE,CONSUMER,-92.19,1,0.887,False
EVT-001230,CART-3BF253D4,2026-07-06T15:21:29,CLR-1029,2,2,P6,RETURN,CONSUMER,148.69,1,0.9,False
EVT-001218,CART-3C76439B,2026-07-06T15:29:27,CLR-1029,1,2,P2,TAKE,CONSUMER,-194.2,1,0.913,False
EVT-001224,CART-A2152B3B,2026-07-06T17:09:46,CLR-1029,1,3,P3,TAKE,CONSUMER,-112.55,1,0.887,False
EVT-001241,CART-48F6D922,2026-07-06T18:37:58,CLR-1029,2,3,P7,TAKE,CONSUMER,-222.36,1,0.902,False
EVT-001242,CART-EB4EA8F9,2026-07-06T19:50:12,CLR-1029,2,4,P8,TAKE,CONSUMER,-259.28,1,0.909,False
EVT-001217,CART-9E6DECD9,2026-07-06T19:59:14,CLR-1029,1,1,P1,TAKE,CONSUMER,-235.17,1,0.975,False
EVT-001233,CART-1C2CAE56,2026-07-06T20:27:58,CLR-1029,2,2,P6,TAKE,CONSUMER,-154.72,1,0.959,False
EVT-001234,CART-1C2CAE56,2026-07-06T20:28:38,CLR-1029,2,2,P6,RETURN,CONSUMER,151.98,1,0.9,False
EVT-001231,CART-0455DC01,2026-07-06T20:40:10,CLR-1029,2,2,P6,TAKE,CONSUMER,-153.56,1,0.838,False
EVT-001232,CART-0455DC01,2026-07-06T20:40:52,CLR-1029,2,2,P6,RETURN,CONSUMER,156.42,1,0.9,False
EVT-001245,STOCKER-01,2026-07-07T07:00:00,CLR-1029,1,1,P1,PLACE,STOCKER,1848.73,8,0.99,False
EVT-001267,STOCKER-01,2026-07-07T07:00:00,CLR-1029,1,3,P3,PLACE,STOCKER,900.98,8,0.99,False
EVT-001269,STOCKER-01,2026-07-07T07:00:00,CLR-1029,2,1,P5,PLACE,STOCKER,770.17,8,0.99,False
EVT-001284,STOCKER-01,2026-07-07T07:00:00,CLR-1029,2,2,P6,PLACE,STOCKER,1196.91,8,0.99,False
EVT-001288,STOCKER-01,2026-07-07T07:00:00,CLR-1029,2,3,P7,PLACE,STOCKER,1827.99,8,0.99,False
EVT-001291,STOCKER-01,2026-07-07T07:00:00,CLR-1029,2,4,P8,PLACE,STOCKER,2018.63,8,0.99,False
EVT-001260,STOCKER-01,2026-07-07T07:10:00,CLR-1029,1,2,P2,PLACE,STOCKER,4454.57,22,0.99,False
EVT-001285,CART-A63BEFEF,2026-07-07T08:20:40,CLR-1029,2,3,UNKNOWN,TAKE,CONSUMER,-226.81,1,0.482,True
EVT-001250,CART-97E6CD1F,2026-07-07T08:59:08,CLR-1029,1,2,P2,TAKE,CONSUMER,-194.69,1,0.934,False
EVT-001262,CART-1326B3F5,2026-07-07T09:07:41,CLR-1029,1,3,P3,TAKE,CONSUMER,-113.55,1,0.888,False
EVT-001249,CART-1F92D894,2026-07-07T09:28:43,CLR-1029,1,2,P2,TAKE,CONSUMER,-195.78,1,0.873,False
EVT-001244,CART-3A4623FC,2026-07-07T09:47:20,CLR-1029,1,1,P1,TAKE,CONSUMER,-234.77,1,0.822,False
EVT-001263,CART-F1103CAF,2026-07-07T09:50:14,CLR-1029,1,3,P3,TAKE,CONSUMER,-114.98,1,0.854,False
EVT-001273,CART-F00F20D0,2026-07-07T09:55:28,CLR-1029,2,2,P6,TAKE,CONSUMER,-157.21,1,0.967,False
EVT-001270,CART-8567FBE4,2026-07-07T10:05:15,CLR-1029,2,2,P6,TAKE,CONSUMER,-156.2,1,0.898,False
EVT-001274,CART-AC7E81D7,2026-07-07T10:27:54,CLR-1029,2,2,P6,TAKE,CONSUMER,-149.44,1,0.857,False
EVT-001275,CART-AC7E81D7,2026-07-07T10:28:32,CLR-1029,2,2,P6,RETURN,CONSUMER,154.81,1,0.9,False
EVT-001282,CART-75DC17A7,2026-07-07T10:45:49,CLR-1029,2,2,P6,TAKE,CONSUMER,-150.42,1,0.873,False
EVT-001283,CART-75DC17A7,2026-07-07T10:46:18,CLR-1029,2,2,P6,RETURN,CONSUMER,156.59,1,0.9,False
EVT-001264,CART-94059124,2026-07-07T11:14:36,CLR-1029,1,3,P3,TAKE,CONSUMER,-114.77,1,0.871,False
EVT-001247,CART-50ED2331,2026-07-07T11:24:54,CLR-1029,1,2,P2,TAKE,CONSUMER,-204.07,1,0.942,False
EVT-001276,CART-BD953407,2026-07-07T12:18:54,CLR-1029,2,2,P6,TAKE,CONSUMER,-152.55,1,0.83,False
EVT-001277,CART-BD953407,2026-07-07T12:19:07,CLR-1029,2,2,P6,RETURN,CONSUMER,149.32,1,0.9,False
EVT-001246,CART-B644B11F,2026-07-07T12:19:36,CLR-1029,1,2,P2,TAKE,CONSUMER,-197.78,1,0.91,False
EVT-001286,CART-09D12ECF,2026-07-07T12:25:20,CLR-1029,2,3,UNKNOWN,TAKE,CONSUMER,-232.31,1,0.394,True
EVT-001265,CART-9086F62C,2026-07-07T12:32:09,CLR-1029,1,3,P3,TAKE,CONSUMER,-114.43,1,0.886,False
EVT-001257,CART-DA90BB10,2026-07-07T12:51:23,CLR-1029,1,2,P2,TAKE,CONSUMER,-199.39,1,0.983,False
EVT-001259,CART-4488526D,2026-07-07T13:47:17,CLR-1029,1,2,P2,TAKE,CONSUMER,-203.46,1,0.955,False
EVT-001243,CART-A5498D9A,2026-07-07T13:52:52,CLR-1029,1,1,P1,TAKE,CONSUMER,-238.78,1,0.89,False
EVT-001258,CART-58E5DFA3,2026-07-07T14:02:19,CLR-1029,1,2,P2,TAKE,CONSUMER,-195.52,1,0.91,False
EVT-001289,CART-0490E365,2026-07-07T14:29:00,CLR-1029,2,4,P8,TAKE,CONSUMER,-252.44,1,0.844,False
EVT-001290,CART-0490E365,2026-07-07T14:29:53,CLR-1029,2,4,P8,RETURN,CONSUMER,251.71,1,0.95,False
EVT-001253,CART-074296D1,2026-07-07T14:41:24,CLR-1029,1,2,P2,TAKE,CONSUMER,-200.85,1,0.936,False
EVT-001278,CART-81881E4C,2026-07-07T14:58:21,CLR-1029,2,2,P6,TAKE,CONSUMER,-155.56,1,0.959,False
EVT-001279,CART-81881E4C,2026-07-07T14:59:04,CLR-1029,2,2,P6,RETURN,CONSUMER,150.73,1,0.9,False
EVT-001248,CART-4324299B,2026-07-07T15:49:01,CLR-1029,1,2,P2,TAKE,CONSUMER,-198.21,1,0.858,False
EVT-001256,CART-686D7016,2026-07-07T16:42:27,CLR-1029,1,2,P2,TAKE,CONSUMER,-193.78,1,0.898,False
EVT-001266,CART-B04B8742,2026-07-07T16:52:29,CLR-1029,1,3,P3,TAKE,CONSUMER,-110.36,1,0.919,False
EVT-001280,CART-5134A4C9,2026-07-07T17:22:02,CLR-1029,2,2,P6,TAKE,CONSUMER,-157.02,1,0.802,False
EVT-001281,CART-5134A4C9,2026-07-07T17:22:16,CLR-1029,2,2,P6,RETURN,CONSUMER,151.94,1,0.9,False
EVT-001254,CART-78D7652D,2026-07-07T17:37:41,CLR-1029,1,2,P2,TAKE,CONSUMER,-195.55,1,0.871,False
EVT-001271,CART-BEAD81C1,2026-07-07T18:26:17,CLR-1029,2,2,P6,TAKE,CONSUMER,-153.35,1,0.95,False
EVT-001272,CART-BEAD81C1,2026-07-07T18:26:33,CLR-1029,2,2,P6,RETURN,CONSUMER,149.76,1,0.9,False
EVT-001255,CART-720771A2,2026-07-07T18:34:23,CLR-1029,1,2,P2,TAKE,CONSUMER,-195.98,1,0.886,False
EVT-001261,CART-FD6B1350,2026-07-07T18:50:01,CLR-1029,1,3,P3,TAKE,CONSUMER,-112.83,1,0.949,False
EVT-001251,CART-6BCB3ED7,2026-07-07T19:43:48,CLR-1029,1,2,P2,TAKE,CONSUMER,-197.91,1,0.937,False
EVT-001252,CART-5F9F19F9,2026-07-07T20:32:24,CLR-1029,1,2,P2,TAKE,CONSUMER,-193.86,1,0.875,False
EVT-001287,CART-95C2CFB4,2026-07-07T20:43:10,CLR-1029,2,3,UNKNOWN,TAKE,CONSUMER,-228.97,1,0.335,True
EVT-001268,CART-0F5F0836,2026-07-07T20:46:08,CLR-1029,2,1,P5,TAKE,CONSUMER,-94.58,1,0.893,False
EVT-001310,CART-16FE9BF3,2026-07-08T08:00:09,CLR-1029,2,1,P5,TAKE,CONSUMER,-91.53,1,0.98,False
EVT-001313,CART-623C1661,2026-07-08T08:02:37,CLR-1029,2,2,P6,TAKE,CONSUMER,-150.85,1,0.854,False
EVT-001314,CART-623C1661,2026-07-08T08:02:54,CLR-1029,2,2,P6,RETURN,CONSUMER,156.12,1,0.9,False
EVT-001305,CART-880A94DC,2026-07-08T08:31:13,CLR-1029,1,3,P3,TAKE,CONSUMER,-111.57,1,0.933,False
EVT-001315,CART-6429FF93,2026-07-08T10:08:25,CLR-1029,2,3,P7,TAKE,CONSUMER,-234.92,1,0.917,False
EVT-001308,CART-667C73D8,2026-07-08T10:20:37,CLR-1029,2,1,P5,TAKE,CONSUMER,-96.07,1,0.989,False
EVT-001309,CART-667C73D8,2026-07-08T10:21:57,CLR-1029,2,1,P5,RETURN,CONSUMER,91.86,1,0.95,False
EVT-001296,CART-141D4F36,2026-07-08T10:43:19,CLR-1029,1,2,P2,TAKE,CONSUMER,-194.97,1,0.909,False
EVT-001319,CART-3AC0E7EE,2026-07-08T11:57:14,CLR-1029,2,4,P8,TAKE,CONSUMER,-255.08,1,0.863,False
EVT-001318,CART-BC3B6922,2026-07-08T12:53:01,CLR-1029,2,4,P8,TAKE,CONSUMER,-250.71,1,0.849,False
EVT-001306,CART-453DBF3B,2026-07-08T13:11:26,CLR-1029,2,1,P5,TAKE,CONSUMER,-91.53,1,0.933,False
EVT-001317,CART-9F694E9B,2026-07-08T13:25:28,CLR-1029,2,4,P8,TAKE,CONSUMER,-252.07,1,0.902,False
EVT-001297,CART-1A7DA4C4,2026-07-08T14:09:01,CLR-1029,1,2,P2,TAKE,CONSUMER,-197.55,1,0.855,False
EVT-001298,CART-69B93462,2026-07-08T14:10:11,CLR-1029,1,2,P2,TAKE,CONSUMER,-203.77,1,0.86,False
EVT-001293,CART-4E2D8B59,2026-07-08T14:29:43,CLR-1029,1,1,P1,TAKE,CONSUMER,-238.94,1,0.988,False
EVT-001303,CART-CA201DA7,2026-07-08T14:32:49,CLR-1029,1,3,P3,TAKE,CONSUMER,-111.07,1,0.919,False
EVT-001316,CART-BD45D7E8,2026-07-08T15:13:46,CLR-1029,2,4,P8,TAKE,CONSUMER,-264.57,1,0.899,False
EVT-001300,CART-1F3EFDEC,2026-07-08T15:14:07,CLR-1029,1,2,P2,TAKE,CONSUMER,-201.44,1,0.859,False
EVT-001295,CART-B134AAEF,2026-07-08T16:16:06,CLR-1029,1,2,P2,TAKE,CONSUMER,-197.54,1,0.888,False
EVT-001302,CART-6E43557A,2026-07-08T16:28:51,CLR-1029,1,2,P2,TAKE,CONSUMER,-202.39,1,0.939,False
EVT-001301,CART-DE5B6562,2026-07-08T16:55:36,CLR-1029,1,2,P2,TAKE,CONSUMER,-202.25,1,0.854,False
EVT-001307,CART-FF4A1248,2026-07-08T17:08:20,CLR-1029,2,1,P5,TAKE,CONSUMER,-95.48,1,0.849,False
EVT-001304,CART-3DD61D8A,2026-07-08T17:37:39,CLR-1029,1,3,P3,TAKE,CONSUMER,-114.13,1,0.961,False
EVT-001320,CART-0AC24826,2026-07-08T18:05:56,CLR-1029,2,4,P8,TAKE,CONSUMER,-255.47,1,0.833,False
EVT-001311,CART-792056AF,2026-07-08T19:27:45,CLR-1029,2,2,P6,TAKE,CONSUMER,-150.62,1,0.911,False
EVT-001312,CART-792056AF,2026-07-08T19:28:02,CLR-1029,2,2,P6,RETURN,CONSUMER,155.74,1,0.9,False
EVT-001299,CART-74BAF670,2026-07-08T19:49:08,CLR-1029,1,2,P2,TAKE,CONSUMER,-197.11,1,0.874,False
EVT-001294,CART-DBEC29DB,2026-07-08T20:31:22,CLR-1029,1,2,P2,TAKE,CONSUMER,-205.37,1,0.967,False
EVT-001292,CART-42F98F32,2026-07-08T20:43:13,CLR-1029,1,1,P1,TAKE,CONSUMER,-237.49,1,0.99,False
EVT-001338,STOCKER-01,2026-07-09T07:10:00,CLR-1029,1,2,P2,PLACE,STOCKER,4308.91,22,0.99,False
EVT-001361,CART-F1B9A37F,2026-07-09T08:21:21,CLR-1029,2,2,P6,TAKE,CONSUMER,-149.96,1,0.808,False
EVT-001362,CART-F1B9A37F,2026-07-09T08:22:00,CLR-1029,2,2,P6,RETURN,CONSUMER,151.24,1,0.9,False
EVT-001327,CART-FA87CA8F,2026-07-09T09:02:04,CLR-1029,1,2,P2,TAKE,CONSUMER,-193.7,1,0.963,False
EVT-001324,CART-D2B3AF7E,2026-07-09T09:31:01,CLR-1029,1,2,P2,TAKE,CONSUMER,-204.4,1,0.899,False
EVT-001365,CART-342F545A,2026-07-09T09:47:50,CLR-1029,2,2,P6,TAKE,CONSUMER,-149.47,1,0.852,False
EVT-001366,CART-342F545A,2026-07-09T09:47:57,CLR-1029,2,2,P6,RETURN,CONSUMER,148.54,1,0.9,False
EVT-001359,CART-486F1EEF,2026-07-09T10:03:13,CLR-1029,2,2,P6,TAKE,CONSUMER,-152.1,1,0.827,False
EVT-001360,CART-486F1EEF,2026-07-09T10:03:18,CLR-1029,2,2,P6,RETURN,CONSUMER,153.47,1,0.9,False
EVT-001333,CART-D5522D8E,2026-07-09T11:30:55,CLR-1029,1,2,P2,TAKE,CONSUMER,-198.3,1,0.98,False
EVT-001349,CART-1874E0E4,2026-07-09T11:55:02,CLR-1029,2,2,P6,TAKE,CONSUMER,-148.63,1,0.8,False
EVT-001344,CART-AB7C6B01,2026-07-09T11:55:11,CLR-1029,2,1,P5,TAKE,CONSUMER,-91.7,1,0.859,False
EVT-001350,CART-1874E0E4,2026-07-09T11:55:34,CLR-1029,2,2,P6,RETURN,CONSUMER,155.61,1,0.9,False
EVT-001368,CART-4F06A037,2026-07-09T11:59:16,CLR-1029,2,3,UNKNOWN,TAKE,CONSUMER,-226.19,1,0.443,True
EVT-001345,CART-A1F73E90,2026-07-09T12:19:50,CLR-1029,2,1,P5,TAKE,CONSUMER,-95.72,1,0.969,False
EVT-001346,CART-24E0DC06,2026-07-09T12:21:16,CLR-1029,2,1,P5,TAKE,CONSUMER,-95.96,1,0.938,False
EVT-001351,CART-23D83A3E,2026-07-09T12:41:43,CLR-1029,2,2,P6,TAKE,CONSUMER,-148.58,1,0.756,False
EVT-001352,CART-23D83A3E,2026-07-09T12:42:04,CLR-1029,2,2,P6,RETURN,CONSUMER,150.18,1,0.9,False
EVT-001323,CART-99296155,2026-07-09T12:50:05,CLR-1029,1,1,P1,TAKE,CONSUMER,-226.42,1,0.883,False
EVT-001331,CART-47544725,2026-07-09T13:14:39,CLR-1029,1,2,P2,TAKE,CONSUMER,-203.67,1,0.889,False
EVT-001321,CART-4F5937B6,2026-07-09T13:32:20,CLR-1029,1,1,P1,TAKE,CONSUMER,-234.62,1,0.988,False
EVT-001332,CART-2B9E7D55,2026-07-09T13:43:27,CLR-1029,1,2,P2,TAKE,CONSUMER,-202.75,1,0.863,False
EVT-001325,CART-A196B216,2026-07-09T13:48:16,CLR-1029,1,2,P2,TAKE,CONSUMER,-194.99,1,0.896,False
EVT-001343,CART-C17CFC2E,2026-07-09T14:15:27,CLR-1029,2,1,P5,TAKE,CONSUMER,-91.2,1,0.97,False
EVT-001329,CART-F922BB94,2026-07-09T14:16:18,CLR-1029,1,2,P2,TAKE,CONSUMER,-194.39,1,0.879,False
EVT-001369,CART-AFD6CBE7,2026-07-09T14:43:44,CLR-1029,2,4,P8,TAKE,CONSUMER,-264.16,1,0.9,False
EVT-001330,CART-39090E9F,2026-07-09T15:28:14,CLR-1029,1,2,P2,TAKE,CONSUMER,-195.37,1,0.896,False
EVT-001341,CART-1BF721CB,2026-07-09T15:36:46,CLR-1029,2,1,P5,TAKE,CONSUMER,-96.26,1,0.877,False
EVT-001337,CART-8A403324,2026-07-09T16:11:39,CLR-1029,1,2,P2,TAKE,CONSUMER,-201.81,1,0.913,False
EVT-001322,CART-690DC628,2026-07-09T16:19:57,CLR-1029,1,1,P1,TAKE,CONSUMER,-226.9,1,0.917,False
EVT-001363,CART-3AB981CE,2026-07-09T16:35:31,CLR-1029,2,2,P6,TAKE,CONSUMER,-156.12,1,0.809,False
EVT-001364,CART-3AB981CE,2026-07-09T16:35:45,CLR-1029,2,2,P6,RETURN,CONSUMER,150.52,1,0.9,False
EVT-001339,CART-7C6E0E9F,2026-07-09T16:42:22,CLR-1029,1,3,P3,TAKE,CONSUMER,-112.33,1,0.947,False
EVT-001328,CART-5F5432D2,2026-07-09T16:49:08,CLR-1029,1,2,P2,TAKE,CONSUMER,-199.97,1,0.906,False
EVT-001335,CART-CCF27DF7,2026-07-09T17:54:00,CLR-1029,1,2,P2,TAKE,CONSUMER,-197.23,1,0.971,False
EVT-001353,CART-27C7BE64,2026-07-09T18:19:49,CLR-1029,2,2,P6,TAKE,CONSUMER,-156.68,1,0.884,False
EVT-001354,CART-27C7BE64,2026-07-09T18:20:31,CLR-1029,2,2,P6,RETURN,CONSUMER,155.54,1,0.9,False
EVT-001355,CART-8F28F9E6,2026-07-09T18:51:44,CLR-1029,2,2,P6,TAKE,CONSUMER,-157.17,1,0.774,False
EVT-001356,CART-8F28F9E6,2026-07-09T18:51:54,CLR-1029,2,2,P6,RETURN,CONSUMER,156.14,1,0.9,False
EVT-001347,CART-DA7B9959,2026-07-09T18:56:24,CLR-1029,2,2,P6,TAKE,CONSUMER,-151.26,1,0.804,False
EVT-001348,CART-DA7B9959,2026-07-09T18:56:41,CLR-1029,2,2,P6,RETURN,CONSUMER,149.69,1,0.9,False
EVT-001326,CART-52239904,2026-07-09T18:59:41,CLR-1029,1,2,P2,TAKE,CONSUMER,-194.32,1,0.94,False
EVT-001334,CART-4966C116,2026-07-09T19:02:20,CLR-1029,1,2,P2,TAKE,CONSUMER,-198.34,1,0.904,False
EVT-001336,CART-856C3E23,2026-07-09T19:02:27,CLR-1029,1,2,P2,TAKE,CONSUMER,-201.21,1,0.855,False
EVT-001340,CART-27E499A6,2026-07-09T19:10:06,CLR-1029,2,1,P5,TAKE,CONSUMER,-91.21,1,0.859,False
EVT-001357,CART-FD4335FB,2026-07-09T19:27:48,CLR-1029,2,2,P6,TAKE,CONSUMER,-155.87,1,0.832,False
EVT-001358,CART-FD4335FB,2026-07-09T19:28:25,CLR-1029,2,2,P6,RETURN,CONSUMER,155.1,1,0.9,False
EVT-001367,CART-001010AA,2026-07-09T20:17:26,CLR-1029,2,3,P7,TAKE,CONSUMER,-227.63,1,0.842,False
EVT-001342,CART-604B1647,2026-07-09T20:40:01,CLR-1029,2,1,P5,TAKE,CONSUMER,-93.58,1,0.854,False
EVT-001371,CART-ED45D561,2026-07-10T08:05:50,CLR-1029,1,2,P2,TAKE,CONSUMER,-196.69,1,0.893,False
EVT-001377,CART-870CF17D,2026-07-10T09:21:54,CLR-1029,1,2,P2,TAKE,CONSUMER,-194.16,1,0.87,False
EVT-001391,CART-2C67D9B8,2026-07-10T09:45:05,CLR-1029,2,2,P6,TAKE,CONSUMER,-152.56,1,0.753,False
EVT-001392,CART-2C67D9B8,2026-07-10T09:45:43,CLR-1029,2,2,P6,RETURN,CONSUMER,151.66,1,0.9,False
EVT-001370,CART-5E5F3F7C,2026-07-10T09:57:40,CLR-1029,1,1,P1,TAKE,CONSUMER,-231.22,1,0.938,False
EVT-001389,CART-CC9861BC,2026-07-10T12:18:11,CLR-1029,2,2,P6,TAKE,CONSUMER,-150.61,1,0.79,False
EVT-001390,CART-CC9861BC,2026-07-10T12:18:40,CLR-1029,2,2,P6,RETURN,CONSUMER,149.1,1,0.9,False
EVT-001387,CART-13F115CC,2026-07-10T12:40:15,CLR-1029,2,2,P6,TAKE,CONSUMER,-150.56,1,0.842,False
EVT-001388,CART-13F115CC,2026-07-10T12:40:22,CLR-1029,2,2,P6,RETURN,CONSUMER,152.62,1,0.9,False
EVT-001381,CART-87C32708,2026-07-10T12:42:38,CLR-1029,1,3,P3,TAKE,CONSUMER,-116.4,1,0.942,False
EVT-001395,CART-F184798C,2026-07-10T12:50:20,CLR-1029,2,2,P6,TAKE,CONSUMER,-152.26,1,0.792,False
EVT-001396,CART-F184798C,2026-07-10T12:50:47,CLR-1029,2,2,P6,RETURN,CONSUMER,153.78,1,0.9,False
EVT-001376,CART-026424D4,2026-07-10T13:10:37,CLR-1029,1,2,P2,TAKE,CONSUMER,-203.58,1,0.901,False
EVT-001393,CART-89851F9E,2026-07-10T13:52:00,CLR-1029,2,2,P6,TAKE,CONSUMER,-156.27,1,0.782,False
EVT-001394,CART-89851F9E,2026-07-10T13:52:40,CLR-1029,2,2,P6,RETURN,CONSUMER,152.12,1,0.9,False
EVT-001380,CART-A64772DD,2026-07-10T14:07:26,CLR-1029,1,3,P3,TAKE,CONSUMER,-114.49,1,0.854,False
EVT-001372,CART-9E18C242,2026-07-10T15:27:23,CLR-1029,1,2,P2,TAKE,CONSUMER,-195.77,1,0.948,False
EVT-001399,CART-1766416A,2026-07-10T16:17:03,CLR-1029,2,4,P8,TAKE,CONSUMER,-264.79,1,0.869,False
EVT-001382,CART-393BAA34,2026-07-10T16:38:10,CLR-1029,2,1,P5,TAKE,CONSUMER,-92.37,1,0.844,False
EVT-001385,CART-14522768,2026-07-10T16:52:33,CLR-1029,2,2,P6,TAKE,CONSUMER,-153.91,1,0.902,False
EVT-001386,CART-14522768,2026-07-10T16:53:10,CLR-1029,2,2,P6,RETURN,CONSUMER,151.09,1,0.9,False
EVT-001397,CART-08D06707,2026-07-10T17:24:59,CLR-1029,2,4,P8,TAKE,CONSUMER,-257.16,1,0.835,False
EVT-001398,CART-08D06707,2026-07-10T17:26:21,CLR-1029,2,4,P8,RETURN,CONSUMER,262.45,1,0.95,False
EVT-001375,CART-85D93389,2026-07-10T17:32:46,CLR-1029,1,2,P2,TAKE,CONSUMER,-200.92,1,0.92,False
EVT-001379,CART-97910B61,2026-07-10T17:48:44,CLR-1029,1,3,P3,TAKE,CONSUMER,-116.03,1,0.826,False
EVT-001374,CART-3D43B50B,2026-07-10T17:58:41,CLR-1029,1,2,P2,TAKE,CONSUMER,-200.53,1,0.985,False
EVT-001378,CART-2D1F1181,2026-07-10T18:33:21,CLR-1029,1,3,P3,TAKE,CONSUMER,-112.01,1,0.95,False
EVT-001383,CART-B57B81EC,2026-07-10T19:33:08,CLR-1029,2,2,P6,TAKE,CONSUMER,-150.74,1,0.955,False
EVT-001384,CART-B57B81EC,2026-07-10T19:33:25,CLR-1029,2,2,P6,RETURN,CONSUMER,149.47,1,0.9,False
EVT-001373,CART-B798E542,2026-07-10T20:32:42,CLR-1029,1,2,P2,TAKE,CONSUMER,-200.05,1,0.863,False
EVT-001425,STOCKER-01,2026-07-11T07:10:00,CLR-1029,1,2,P2,PLACE,STOCKER,4487.44,22,0.99,False
EVT-001406,CART-0E644BD8,2026-07-11T08:06:19,CLR-1029,1,2,P2,TAKE,CONSUMER,-201.38,1,0.881,False
EVT-001440,CART-53962E04,2026-07-11T08:15:29,CLR-1029,2,2,P6,TAKE,CONSUMER,-151.5,1,0.931,False
EVT-001441,CART-53962E04,2026-07-11T08:15:54,CLR-1029,2,2,P6,RETURN,CONSUMER,151.59,1,0.9,False
EVT-001424,CART-97D8FB19,2026-07-11T08:50:34,CLR-1029,1,2,P2,TAKE,CONSUMER,-202.35,1,0.989,False
EVT-001448,CART-DE96E0E5,2026-07-11T08:53:07,CLR-1029,2,2,P6,TAKE,CONSUMER,-155.03,1,0.927,False
EVT-001449,CART-DE96E0E5,2026-07-11T08:53:25,CLR-1029,2,2,P6,RETURN,CONSUMER,155.75,1,0.9,False
EVT-001409,CART-5C5E56EA,2026-07-11T09:07:12,CLR-1029,1,2,P2,TAKE,CONSUMER,-202.63,1,0.863,False
EVT-001434,CART-50FDA67A,2026-07-11T09:36:02,CLR-1029,2,2,P6,TAKE,CONSUMER,-148.74,1,0.907,False
EVT-001435,CART-50FDA67A,2026-07-11T09:36:12,CLR-1029,2,2,P6,RETURN,CONSUMER,156.25,1,0.9,False
EVT-001423,CART-AE2906C6,2026-07-11T10:04:43,CLR-1029,1,2,P2,TAKE,CONSUMER,-196.29,1,0.939,False
EVT-001452,CART-5487D05E,2026-07-11T10:19:14,CLR-1029,2,4,P8,TAKE,CONSUMER,-264.24,1,0.865,False
EVT-001453,CART-A7F27C71,2026-07-11T10:30:30,CLR-1029,2,4,P8,TAKE,CONSUMER,-255.92,1,0.957,False
EVT-001451,CART-1158CF55,2026-07-11T10:35:00,CLR-1029,2,4,P8,TAKE,CONSUMER,-255.36,1,0.842,False
EVT-001436,CART-B842AD5D,2026-07-11T10:38:50,CLR-1029,2,2,P6,TAKE,CONSUMER,-151.08,1,0.776,False
EVT-001437,CART-B842AD5D,2026-07-11T10:39:28,CLR-1029,2,2,P6,RETURN,CONSUMER,150.04,1,0.9,False
EVT-001413,CART-56C210AF,2026-07-11T10:40:11,CLR-1029,1,2,P2,TAKE,CONSUMER,-202.74,1,0.958,False
EVT-001431,CART-E554DDFD,2026-07-11T11:00:06,CLR-1029,2,1,P5,TAKE,CONSUMER,-94.44,1,0.901,False
EVT-001432,CART-E554DDFD,2026-07-11T11:01:32,CLR-1029,2,1,P5,RETURN,CONSUMER,95.84,1,0.95,False
EVT-001404,CART-B973F775,2026-07-11T11:10:58,CLR-1029,1,2,P2,TAKE,CONSUMER,-194.33,1,0.906,False
EVT-001438,CART-DECA5817,2026-07-11T11:19:56,CLR-1029,2,2,P6,TAKE,CONSUMER,-156.21,1,0.829,False
EVT-001439,CART-DECA5817,2026-07-11T11:20:32,CLR-1029,2,2,P6,RETURN,CONSUMER,152.26,1,0.9,False
EVT-001400,CART-36DDF62C,2026-07-11T11:29:01,CLR-1029,1,1,P1,TAKE,CONSUMER,-234.76,1,0.897,False
EVT-001430,CART-76285EBD,2026-07-11T11:45:23,CLR-1029,2,1,P5,TAKE,CONSUMER,-96.29,1,0.9,False
EVT-001403,CART-E0BA57A3,2026-07-11T12:53:49,CLR-1029,1,1,P1,TAKE,CONSUMER,-227.12,1,0.919,False
EVT-001412,CART-E4653514,2026-07-11T12:54:18,CLR-1029,1,2,P2,TAKE,CONSUMER,-200.03,1,0.87,False
EVT-001427,CART-5F77397F,2026-07-11T13:09:40,CLR-1029,1,3,P3,TAKE,CONSUMER,-112.89,1,0.85,False
EVT-001428,CART-22D892BF,2026-07-11T13:10:49,CLR-1029,1,3,P3,TAKE,CONSUMER,-113.23,1,0.919,False
EVT-001421,CART-78FA7E0D,2026-07-11T13:12:51,CLR-1029,1,2,P2,TAKE,CONSUMER,-204.84,1,0.943,False
EVT-001408,CART-8FAD4F57,2026-07-11T13:43:39,CLR-1029,1,2,P2,TAKE,CONSUMER,-199.7,1,0.936,False
EVT-001417,CART-61B9FD46,2026-07-11T14:00:21,CLR-1029,1,2,P2,TAKE,CONSUMER,-200.36,1,0.909,False
EVT-001416,CART-976EF5BC,2026-07-11T14:40:22,CLR-1029,1,2,P2,TAKE,CONSUMER,-199.92,1,0.979,False
EVT-001405,CART-A999B7C4,2026-07-11T14:43:20,CLR-1029,1,2,P2,TAKE,CONSUMER,-200.03,1,0.886,False
EVT-001411,CART-6F51FBFF,2026-07-11T15:48:49,CLR-1029,1,2,P2,TAKE,CONSUMER,-202.51,1,0.873,False
EVT-001420,CART-8947F9B7,2026-07-11T15:56:15,CLR-1029,1,2,P2,TAKE,CONSUMER,-201.3,1,0.918,False
EVT-001410,CART-29715EA3,2026-07-11T16:23:01,CLR-1029,1,2,P2,TAKE,CONSUMER,-199.49,1,0.957,False
EVT-001433,CART-257FB8A1,2026-07-11T16:32:24,CLR-1029,2,1,P5,TAKE,CONSUMER,-92.36,1,0.923,False
EVT-001444,CART-FEE1F5CB,2026-07-11T17:17:15,CLR-1029,2,2,P6,TAKE,CONSUMER,-153.69,1,0.923,False
EVT-001445,CART-FEE1F5CB,2026-07-11T17:17:54,CLR-1029,2,2,P6,RETURN,CONSUMER,154.99,1,0.9,False
EVT-001442,CART-A90771BF,2026-07-11T17:25:26,CLR-1029,2,2,P6,TAKE,CONSUMER,-155.96,1,0.811,False
EVT-001443,CART-A90771BF,2026-07-11T17:25:38,CLR-1029,2,2,P6,RETURN,CONSUMER,152.86,1,0.9,False
EVT-001401,CART-01239602,2026-07-11T17:26:15,CLR-1029,1,1,P1,TAKE,CONSUMER,-232.64,1,0.908,False
EVT-001402,CART-01239602,2026-07-11T17:26:32,CLR-1029,1,1,P1,RETURN,CONSUMER,239.35,1,0.95,False
EVT-001415,CART-742D739B,2026-07-11T17:35:38,CLR-1029,1,2,P2,TAKE,CONSUMER,-204.05,1,0.914,False
EVT-001446,CART-17B0088F,2026-07-11T18:18:32,CLR-1029,2,2,P6,TAKE,CONSUMER,-153.06,1,0.887,False
EVT-001418,CART-9C85E384,2026-07-11T18:19:02,CLR-1029,1,2,P2,TAKE,CONSUMER,-198.61,1,0.862,False
EVT-001447,CART-17B0088F,2026-07-11T18:19:03,CLR-1029,2,2,P6,RETURN,CONSUMER,150.1,1,0.9,False
EVT-001450,CART-6D7051A7,2026-07-11T18:29:33,CLR-1029,2,3,UNKNOWN,TAKE,CONSUMER,-233.27,1,0.289,True
EVT-001426,CART-5B01BA35,2026-07-11T19:10:14,CLR-1029,1,3,P3,TAKE,CONSUMER,-110.5,1,0.876,False
EVT-001422,CART-9D98B87C,2026-07-11T19:12:13,CLR-1029,1,2,P2,TAKE,CONSUMER,-198.25,1,0.92,False
EVT-001429,CART-D8FC3C7C,2026-07-11T19:38:05,CLR-1029,1,3,P3,TAKE,CONSUMER,-113.02,1,0.908,False
EVT-001414,CART-0006C5A9,2026-07-11T19:53:30,CLR-1029,1,2,P2,TAKE,CONSUMER,-200.61,1,0.968,False
EVT-001407,CART-F2796AD2,2026-07-11T20:05:04,CLR-1029,1,2,P2,TAKE,CONSUMER,-199.34,1,0.926,False
EVT-001419,CART-6BADBA10,2026-07-11T20:09:02,CLR-1029,1,2,P2,TAKE,CONSUMER,-204.68,1,0.888,False
EVT-001500,CART-9393CE9F,2026-07-12T08:16:47,CLR-1029,2,2,P6,TAKE,CONSUMER,-156.78,1,0.835,False
EVT-001501,CART-9393CE9F,2026-07-12T08:17:12,CLR-1029,2,2,P6,RETURN,CONSUMER,154.05,1,0.9,False
EVT-001488,CART-06E1DD5D,2026-07-12T09:05:24,CLR-1029,2,2,P6,TAKE,CONSUMER,-148.46,1,0.943,False
EVT-001489,CART-06E1DD5D,2026-07-12T09:05:44,CLR-1029,2,2,P6,RETURN,CONSUMER,157.3,1,0.9,False
EVT-001468,CART-FBA1E4D7,2026-07-12T09:40:57,CLR-1029,1,2,P2,TAKE,CONSUMER,-202.03,1,0.92,False
EVT-001459,CART-80215E2B,2026-07-12T10:00:23,CLR-1029,1,2,P2,TAKE,CONSUMER,-197.88,1,0.861,False
EVT-001478,CART-5252B9B1,2026-07-12T10:06:35,CLR-1029,2,2,P6,TAKE,CONSUMER,-156.07,1,0.818,False
EVT-001479,CART-5252B9B1,2026-07-12T10:07:07,CLR-1029,2,2,P6,RETURN,CONSUMER,148.9,1,0.9,False
EVT-001461,CART-35574DF1,2026-07-12T10:40:21,CLR-1029,1,2,P2,TAKE,CONSUMER,-202.03,1,0.866,False
EVT-001473,CART-9E9CA3D1,2026-07-12T11:20:56,CLR-1029,1,3,P3,TAKE,CONSUMER,-110.57,1,0.911,False
EVT-001462,CART-06AA60C1,2026-07-12T11:36:29,CLR-1029,1,2,P2,TAKE,CONSUMER,-202.44,1,0.978,False
EVT-001476,CART-63E5789D,2026-07-12T11:39:34,CLR-1029,2,2,P6,TAKE,CONSUMER,-155.31,1,0.846,False
EVT-001477,CART-63E5789D,2026-07-12T11:40:17,CLR-1029,2,2,P6,RETURN,CONSUMER,154.81,1,0.9,False
EVT-001496,CART-C4D1254F,2026-07-12T11:54:14,CLR-1029,2,2,P6,TAKE,CONSUMER,-154.4,1,0.785,False
EVT-001497,CART-C4D1254F,2026-07-12T11:54:34,CLR-1029,2,2,P6,RETURN,CONSUMER,150.58,1,0.9,False
EVT-001458,CART-F2353A2F,2026-07-12T12:48:01,CLR-1029,1,2,P2,TAKE,CONSUMER,-203.66,1,0.959,False
EVT-001454,CART-BCAA4FB5,2026-07-12T13:07:16,CLR-1029,1,1,P1,TAKE,CONSUMER,-230.48,1,0.868,False
EVT-001503,CART-642AC921,2026-07-12T13:35:29,CLR-1029,2,3,UNKNOWN,TAKE,CONSUMER,-230.25,1,0.418,True
EVT-001472,CART-95049871,2026-07-12T13:37:41,CLR-1029,1,3,P3,TAKE,CONSUMER,-113.23,1,0.977,False
EVT-001494,CART-BB903776,2026-07-12T14:10:44,CLR-1029,2,2,P6,TAKE,CONSUMER,-154.95,1,0.869,False
EVT-001495,CART-BB903776,2026-07-12T14:10:50,CLR-1029,2,2,P6,RETURN,CONSUMER,157.13,1,0.9,False
EVT-001475,CART-CB48C47B,2026-07-12T14:21:34,CLR-1029,2,1,P5,TAKE,CONSUMER,-95.05,1,0.88,False
EVT-001490,CART-257858E8,2026-07-12T15:01:53,CLR-1029,2,2,P6,TAKE,CONSUMER,-151.27,1,0.942,False
EVT-001491,CART-257858E8,2026-07-12T15:02:26,CLR-1029,2,2,P6,RETURN,CONSUMER,151.23,1,0.9,False
EVT-001465,CART-7E305382,2026-07-12T15:24:52,CLR-1029,1,2,P2,TAKE,CONSUMER,-203.9,1,0.879,False
EVT-001504,CART-0EED648A,2026-07-12T15:44:47,CLR-1029,2,3,UNKNOWN,TAKE,CONSUMER,-231.06,1,0.315,True
EVT-001492,CART-3EC60DCC,2026-07-12T16:38:10,CLR-1029,2,2,P6,TAKE,CONSUMER,-151.05,1,0.759,False
EVT-001493,CART-3EC60DCC,2026-07-12T16:38:24,CLR-1029,2,2,P6,RETURN,CONSUMER,150.07,1,0.9,False
EVT-001467,CART-7BF35211,2026-07-12T16:41:34,CLR-1029,1,2,P2,TAKE,CONSUMER,-199.38,1,0.884,False
EVT-001455,CART-7A83C8F0,2026-07-12T16:48:02,CLR-1029,1,2,P2,TAKE,CONSUMER,-198.42,1,0.893,False
EVT-001456,CART-36DD24F3,2026-07-12T16:50:16,CLR-1029,1,2,P2,TAKE,CONSUMER,-196.64,1,0.965,False
EVT-001502,CART-35EC62BB,2026-07-12T17:07:51,CLR-1029,2,3,P7,TAKE,CONSUMER,-230.68,1,0.907,False
EVT-001463,CART-8EE45D89,2026-07-12T18:09:39,CLR-1029,1,2,P2,TAKE,CONSUMER,-204.79,1,0.861,False
EVT-001470,CART-571232DB,2026-07-12T18:24:30,CLR-1029,1,2,P2,TAKE,CONSUMER,-197.81,1,0.873,False
EVT-001486,CART-25FAB9C0,2026-07-12T18:30:16,CLR-1029,2,2,P6,TAKE,CONSUMER,-155.95,1,0.865,False
EVT-001487,CART-25FAB9C0,2026-07-12T18:30:23,CLR-1029,2,2,P6,RETURN,CONSUMER,153.3,1,0.9,False
EVT-001482,CART-77BE8B21,2026-07-12T18:33:41,CLR-1029,2,2,P6,TAKE,CONSUMER,-148.74,1,0.961,False
EVT-001483,CART-77BE8B21,2026-07-12T18:33:51,CLR-1029,2,2,P6,RETURN,CONSUMER,151.51,1,0.9,False
EVT-001474,CART-7935954F,2026-07-12T18:38:41,CLR-1029,2,1,P5,TAKE,CONSUMER,-96.77,1,0.974,False
EVT-001505,CART-987005E1,2026-07-12T18:43:13,CLR-1029,2,4,P8,TAKE,CONSUMER,-258.77,1,0.954,False
EVT-001506,CART-987005E1,2026-07-12T18:43:31,CLR-1029,2,4,P8,RETURN,CONSUMER,251.41,1,0.95,False
EVT-001471,CART-1CC3B2A7,2026-07-12T19:10:48,CLR-1029,1,3,P3,TAKE,CONSUMER,-114.94,1,0.945,False
EVT-001466,CART-EECF2DCA,2026-07-12T19:14:15,CLR-1029,1,2,P2,TAKE,CONSUMER,-194.99,1,0.88,False
EVT-001460,CART-91ADA169,2026-07-12T19:40:35,CLR-1029,1,2,P2,TAKE,CONSUMER,-199.26,1,0.907,False
EVT-001457,CART-532C35BD,2026-07-12T19:43:06,CLR-1029,1,2,P2,TAKE,CONSUMER,-205.48,1,0.891,False
EVT-001480,CART-58FFA876,2026-07-12T20:37:55,CLR-1029,2,2,P6,TAKE,CONSUMER,-151.78,1,0.869,False
EVT-001481,CART-58FFA876,2026-07-12T20:38:14,CLR-1029,2,2,P6,RETURN,CONSUMER,154.68,1,0.9,False
EVT-001464,CART-FBC2AE6A,2026-07-12T20:41:59,CLR-1029,1,2,P2,TAKE,CONSUMER,-197.76,1,0.989,False
EVT-001484,CART-256EBC27,2026-07-12T20:42:30,CLR-1029,2,2,P6,TAKE,CONSUMER,-157.4,1,0.771,False
EVT-001485,CART-256EBC27,2026-07-12T20:42:51,CLR-1029,2,2,P6,RETURN,CONSUMER,153.03,1,0.9,False
EVT-001498,CART-66FCD9FB,2026-07-12T20:47:00,CLR-1029,2,2,P6,TAKE,CONSUMER,-150.35,1,0.805,False
EVT-001499,CART-66FCD9FB,2026-07-12T20:47:21,CLR-1029,2,2,P6,RETURN,CONSUMER,152.34,1,0.9,False
EVT-001469,CART-056752F1,2026-07-12T20:48:48,CLR-1029,1,2,P2,TAKE,CONSUMER,-197.79,1,0.946,False
EVT-001510,STOCKER-01,2026-07-13T07:00:00,CLR-1029,1,1,P1,PLACE,STOCKER,1872.88,8,0.99,False
EVT-001525,STOCKER-01,2026-07-13T07:00:00,CLR-1029,1,3,P3,PLACE,STOCKER,913.21,8,0.99,False
EVT-001528,STOCKER-01,2026-07-13T07:00:00,CLR-1029,2,1,P5,PLACE,STOCKER,761.22,8,0.99,False
EVT-001540,STOCKER-01,2026-07-13T07:00:00,CLR-1029,2,2,P6,PLACE,STOCKER,1222.59,8,0.99,False
EVT-001542,STOCKER-01,2026-07-13T07:00:00,CLR-1029,2,3,P7,PLACE,STOCKER,1788.76,8,0.99,False
EVT-001546,STOCKER-01,2026-07-13T07:00:00,CLR-1029,2,4,P8,PLACE,STOCKER,1998.85,8,0.99,False
EVT-001524,STOCKER-01,2026-07-13T07:10:00,CLR-1029,1,2,P2,PLACE,STOCKER,4333.72,22,0.99,False
EVT-001522,CART-C6AAEDAA,2026-07-13T08:27:33,CLR-1029,1,2,P2,TAKE,CONSUMER,-196.98,1,0.889,False
EVT-001535,CART-68E94B08,2026-07-13T08:33:21,CLR-1029,2,2,P6,TAKE,CONSUMER,-152.01,1,0.765,False
EVT-001536,CART-68E94B08,2026-07-13T08:34:02,CLR-1029,2,2,P6,RETURN,CONSUMER,156.87,1,0.9,False
EVT-001514,CART-8D0FF824,2026-07-13T08:45:01,CLR-1029,1,2,P2,TAKE,CONSUMER,-199.63,1,0.875,False
EVT-001529,CART-2ADF0D52,2026-07-13T09:03:36,CLR-1029,2,2,P6,TAKE,CONSUMER,-151.22,1,0.933,False
EVT-001530,CART-2ADF0D52,2026-07-13T09:03:43,CLR-1029,2,2,P6,RETURN,CONSUMER,152.77,1,0.9,False
EVT-001543,CART-F2BC7777,2026-07-13T09:06:24,CLR-1029,2,4,P8,TAKE,CONSUMER,-253.5,1,0.867,False
EVT-001513,CART-E7D9637C,2026-07-13T09:21:27,CLR-1029,1,2,P2,TAKE,CONSUMER,-202.09,1,0.879,False
EVT-001508,CART-4271230C,2026-07-13T09:52:19,CLR-1029,1,1,P1,TAKE,CONSUMER,-233.75,1,0.885,False
EVT-001523,CART-860286B6,2026-07-13T10:02:17,CLR-1029,1,2,P2,TAKE,CONSUMER,-197.2,1,0.852,False
EVT-001515,CART-705BF1B1,2026-07-13T10:30:24,CLR-1029,1,2,P2,TAKE,CONSUMER,-204.72,1,0.85,False
EVT-001507,CART-8563CD09,2026-07-13T11:03:53,CLR-1029,1,1,P1,TAKE,CONSUMER,-230.57,1,0.894,False
EVT-001517,CART-0D9F1C15,2026-07-13T11:25:55,CLR-1029,1,2,P2,TAKE,CONSUMER,-202.02,1,0.98,False
EVT-001511,CART-D6AEC4CD,2026-07-13T12:24:26,CLR-1029,1,2,P2,TAKE,CONSUMER,-202.55,1,0.969,False
EVT-001521,CART-0336DEF5,2026-07-13T12:29:31,CLR-1029,1,2,P2,TAKE,CONSUMER,-196.75,1,0.954,False
EVT-001533,CART-12A10AA0,2026-07-13T13:31:57,CLR-1029,2,2,P6,TAKE,CONSUMER,-156.22,1,0.903,False
EVT-001534,CART-12A10AA0,2026-07-13T13:32:09,CLR-1029,2,2,P6,RETURN,CONSUMER,151.86,1,0.9,False
EVT-001541,CART-8CA25D72,2026-07-13T13:57:03,CLR-1029,2,3,P7,TAKE,CONSUMER,-234.66,1,0.913,False
EVT-001538,CART-394111E4,2026-07-13T14:28:23,CLR-1029,2,2,P6,TAKE,CONSUMER,-153.37,1,0.885,False
EVT-001539,CART-394111E4,2026-07-13T14:28:34,CLR-1029,2,2,P6,RETURN,CONSUMER,152.38,1,0.9,False
EVT-001537,CART-1FADE540,2026-07-13T14:50:01,CLR-1029,2,2,P6,TAKE,CONSUMER,-154.47,1,0.8,False
EVT-001545,CART-C312FF33,2026-07-13T15:17:37,CLR-1029,2,4,P8,TAKE,CONSUMER,-249.49,1,0.826,False
EVT-001526,CART-4407C6AC,2026-07-13T16:57:37,CLR-1029,1,4,P4,TAKE,CONSUMER,-150.95,1,0.9,False
EVT-001520,CART-43F93F46,2026-07-13T17:30:02,CLR-1029,1,2,P2,TAKE,CONSUMER,-201.09,1,0.978,False
EVT-001544,CART-40E0780E,2026-07-13T17:58:39,CLR-1029,2,4,P8,TAKE,CONSUMER,-254.4,1,0.823,False
EVT-001519,CART-B0E170CF,2026-07-13T18:33:36,CLR-1029,1,2,P2,TAKE,CONSUMER,-194.28,1,0.878,False
EVT-001518,CART-7A62FF77,2026-07-13T19:08:00,CLR-1029,1,2,P2,TAKE,CONSUMER,-196.65,1,0.898,False
EVT-001516,CART-82896348,2026-07-13T19:38:42,CLR-1029,1,2,P2,TAKE,CONSUMER,-194.73,1,0.878,False
EVT-001509,CART-5B627FEE,2026-07-13T19:39:19,CLR-1029,1,1,P1,TAKE,CONSUMER,-232.85,1,0.873,False
EVT-001531,CART-167C5439,2026-07-13T19:51:30,CLR-1029,2,2,P6,TAKE,CONSUMER,-148.38,1,0.757,False
EVT-001532,CART-167C5439,2026-07-13T19:51:56,CLR-1029,2,2,P6,RETURN,CONSUMER,152.07,1,0.9,False
EVT-001512,CART-C34B626E,2026-07-13T19:57:28,CLR-1029,1,2,P2,TAKE,CONSUMER,-202.77,1,0.941,False
EVT-001527,CART-1F2147F0,2026-07-13T20:01:20,CLR-1029,2,1,P5,TAKE,CONSUMER,-91.6,1,0.984,False
EVT-001576,CART-273E2BA7,2026-07-14T09:06:36,CLR-1029,2,2,P6,TAKE,CONSUMER,-150.94,1,0.901,False
EVT-001577,CART-273E2BA7,2026-07-14T09:07:19,CLR-1029,2,2,P6,RETURN,CONSUMER,152.83,1,0.9,False
EVT-001583,CART-B155CF93,2026-07-14T09:13:14,CLR-1029,2,4,P8,TAKE,CONSUMER,-262.46,1,0.961,False
EVT-001564,CART-BE9C3FE5,2026-07-14T09:34:15,CLR-1029,2,2,P6,TAKE,CONSUMER,-150.02,1,0.873,False
EVT-001563,CART-B7A7D390,2026-07-14T09:34:37,CLR-1029,2,1,P5,TAKE,CONSUMER,-93.11,1,0.971,False
EVT-001565,CART-BE9C3FE5,2026-07-14T09:34:46,CLR-1029,2,2,P6,RETURN,CONSUMER,151.53,1,0.9,False
EVT-001555,CART-FA98AE43,2026-07-14T10:03:07,CLR-1029,1,2,P2,TAKE,CONSUMER,-205.15,1,0.933,False
EVT-001552,CART-7934D374,2026-07-14T10:14:50,CLR-1029,1,2,P2,TAKE,CONSUMER,-203.11,1,0.941,False
EVT-001562,CART-8BBC4384,2026-07-14T10:24:33,CLR-1029,2,1,P5,TAKE,CONSUMER,-94.62,1,0.843,False
EVT-001548,CART-51154C17,2026-07-14T10:45:35,CLR-1029,1,1,P1,TAKE,CONSUMER,-228.86,1,0.902,False
EVT-001561,CART-DF748F9E,2026-07-14T11:36:13,CLR-1029,2,1,P5,TAKE,CONSUMER,-91.57,1,0.893,False
EVT-001580,CART-EFCE7DAB,2026-07-14T11:44:35,CLR-1029,2,4,P8,TAKE,CONSUMER,-257.64,1,0.857,False
EVT-001554,CART-660ED86B,2026-07-14T12:02:33,CLR-1029,1,2,P2,TAKE,CONSUMER,-202.85,1,0.951,False
EVT-001547,CART-9F65B365,2026-07-14T12:05:47,CLR-1029,1,1,P1,TAKE,CONSUMER,-230.29,1,0.856,False
EVT-001558,CART-FDE0EF8A,2026-07-14T12:37:27,CLR-1029,1,3,P3,TAKE,CONSUMER,-115.65,1,0.851,False
EVT-001568,CART-14816D44,2026-07-14T12:50:12,CLR-1029,2,2,P6,TAKE,CONSUMER,-157.39,1,0.785,False
EVT-001569,CART-14816D44,2026-07-14T12:50:53,CLR-1029,2,2,P6,RETURN,CONSUMER,149.85,1,0.9,False
EVT-001551,CART-4DA0ADA9,2026-07-14T14:08:35,CLR-1029,1,2,P2,TAKE,CONSUMER,-195.17,1,0.874,False
EVT-001572,CART-A4B8B036,2026-07-14T14:19:06,CLR-1029,2,2,P6,TAKE,CONSUMER,-156.22,1,0.906,False
EVT-001573,CART-A4B8B036,2026-07-14T14:19:22,CLR-1029,2,2,P6,RETURN,CONSUMER,153.76,1,0.9,False
EVT-001557,CART-FB3767C1,2026-07-14T14:31:11,CLR-1029,1,2,P2,TAKE,CONSUMER,-199.68,1,0.867,False
EVT-001574,CART-61341A27,2026-07-14T15:14:04,CLR-1029,2,2,P6,TAKE,CONSUMER,-155.27,1,0.878,False
EVT-001575,CART-61341A27,2026-07-14T15:14:37,CLR-1029,2,2,P6,RETURN,CONSUMER,151.06,1,0.9,False
EVT-001553,CART-BD70E303,2026-07-14T15:37:26,CLR-1029,1,2,P2,TAKE,CONSUMER,-204.23,1,0.903,False
EVT-001550,CART-5123D30A,2026-07-14T15:57:25,CLR-1029,1,2,P2,TAKE,CONSUMER,-199.18,1,0.851,False
EVT-001556,CART-8589B379,2026-07-14T15:59:38,CLR-1029,1,2,P2,TAKE,CONSUMER,-196.14,1,0.898,False
EVT-001570,CART-7E47D807,2026-07-14T16:43:41,CLR-1029,2,2,P6,TAKE,CONSUMER,-155.6,1,0.801,False
EVT-001571,CART-7E47D807,2026-07-14T16:44:00,CLR-1029,2,2,P6,RETURN,CONSUMER,150.68,1,0.9,False
EVT-001549,CART-8E199B67,2026-07-14T16:56:44,CLR-1029,1,2,P2,TAKE,CONSUMER,-198.84,1,0.873,False
EVT-001581,CART-CC691839,2026-07-14T17:12:19,CLR-1029,2,4,P8,TAKE,CONSUMER,-258.84,1,0.893,False
EVT-001582,CART-CC691839,2026-07-14T17:13:03,CLR-1029,2,4,P8,RETURN,CONSUMER,258.41,1,0.95,False
EVT-001578,CART-986ADDD2,2026-07-14T18:07:21,CLR-1029,2,3,UNKNOWN,TAKE,CONSUMER,-232.96,1,0.419,True
EVT-001560,CART-374E0DF4,2026-07-14T18:56:07,CLR-1029,1,3,P3,TAKE,CONSUMER,-113.16,1,0.943,False
EVT-001566,CART-D797B480,2026-07-14T20:31:28,CLR-1029,2,2,P6,TAKE,CONSUMER,-149.87,1,0.922,False
EVT-001567,CART-D797B480,2026-07-14T20:32:11,CLR-1029,2,2,P6,RETURN,CONSUMER,151.03,1,0.9,False
EVT-001579,CART-2D884943,2026-07-14T20:36:47,CLR-1029,2,3,P7,TAKE,CONSUMER,-232.77,1,0.81,False
EVT-001559,CART-39C0ED61,2026-07-14T20:58:58,CLR-1029,1,3,P3,TAKE,CONSUMER,-109.85,1,0.89,False
EVT-001597,STOCKER-01,2026-07-15T07:10:00,CLR-1029,1,2,P2,PLACE,STOCKER,4270.65,22,0.99,False
EVT-001605,CART-17542AC4,2026-07-15T08:52:54,CLR-1029,2,2,P6,TAKE,CONSUMER,-151.34,1,0.821,False
EVT-001606,CART-17542AC4,2026-07-15T08:53:20,CLR-1029,2,2,P6,RETURN,CONSUMER,157.41,1,0.9,False
EVT-001585,CART-075DF027,2026-07-15T09:31:43,CLR-1029,1,1,P1,TAKE,CONSUMER,-230.24,1,0.915,False
EVT-001592,CART-6008F8FD,2026-07-15T09:53:07,CLR-1029,1,2,P2,TAKE,CONSUMER,-197.62,1,0.882,False
EVT-001590,CART-62063B13,2026-07-15T11:02:17,CLR-1029,1,2,P2,TAKE,CONSUMER,-200.62,1,0.948,False
EVT-001593,CART-78CC1351,2026-07-15T11:12:40,CLR-1029,1,2,P2,TAKE,CONSUMER,-200.78,1,0.937,False
EVT-001584,CART-9FDB18D6,2026-07-15T11:25:14,CLR-1029,1,1,P1,TAKE,CONSUMER,-239.1,1,0.923,False
EVT-001596,CART-813EC2EE,2026-07-15T11:30:45,CLR-1029,1,2,P2,TAKE,CONSUMER,-199.36,1,0.97,False
EVT-001587,CART-7AD4B1F1,2026-07-15T13:00:16,CLR-1029,1,2,P2,TAKE,CONSUMER,-196.39,1,0.898,False
EVT-001589,CART-38B58C25,2026-07-15T13:27:12,CLR-1029,1,2,P2,TAKE,CONSUMER,-198.45,1,0.885,False
EVT-001588,CART-27B73C6A,2026-07-15T13:45:28,CLR-1029,1,2,P2,TAKE,CONSUMER,-193.9,1,0.978,False
EVT-001602,CART-EB4B9E3A,2026-07-15T13:45:41,CLR-1029,2,2,P6,TAKE,CONSUMER,-155.85,1,0.956,False
EVT-001599,CART-4BDFC197,2026-07-15T13:52:00,CLR-1029,1,3,P3,TAKE,CONSUMER,-110.58,1,0.986,False
EVT-001594,CART-D1649267,2026-07-15T13:53:08,CLR-1029,1,2,P2,TAKE,CONSUMER,-201.25,1,0.98,False
EVT-001600,CART-7F78B02C,2026-07-15T14:44:31,CLR-1029,2,1,P5,TAKE,CONSUMER,-93.18,1,0.857,False
EVT-001611,CART-99503F58,2026-07-15T14:51:30,CLR-1029,2,4,P8,TAKE,CONSUMER,-261.38,1,0.954,False
EVT-001607,CART-BAC10E48,2026-07-15T15:04:56,CLR-1029,2,2,P6,TAKE,CONSUMER,-152.26,1,0.878,False
EVT-001608,CART-BAC10E48,2026-07-15T15:05:06,CLR-1029,2,2,P6,RETURN,CONSUMER,154.13,1,0.9,False
EVT-001591,CART-851437C3,2026-07-15T16:10:50,CLR-1029,1,2,P2,TAKE,CONSUMER,-198.23,1,0.86,False
EVT-001609,CART-6298BB25,2026-07-15T16:21:19,CLR-1029,2,2,P6,TAKE,CONSUMER,-155.56,1,0.823,False
EVT-001610,CART-6298BB25,2026-07-15T16:21:35,CLR-1029,2,2,P6,RETURN,CONSUMER,153.31,1,0.9,False
EVT-001586,CART-1647B806,2026-07-15T17:50:19,CLR-1029,1,1,P1,TAKE,CONSUMER,-228.94,1,0.885,False
EVT-001601,CART-1BA34975,2026-07-15T18:20:13,CLR-1029,2,1,P5,TAKE,CONSUMER,-93.22,1,0.828,False
EVT-001603,CART-6EF79863,2026-07-15T19:49:02,CLR-1029,2,2,P6,TAKE,CONSUMER,-154.73,1,0.958,False
EVT-001604,CART-6EF79863,2026-07-15T19:49:42,CLR-1029,2,2,P6,RETURN,CONSUMER,152.4,1,0.9,False
EVT-001598,CART-B9F02F51,2026-07-15T19:54:49,CLR-1029,1,3,P3,TAKE,CONSUMER,-112.06,1,0.868,False
EVT-001595,CART-B8F750CE,2026-07-15T20:37:51,CLR-1029,1,2,P2,TAKE,CONSUMER,-201.71,1,0.947,False
